Voltage_measured,Current_measured,Temperature_measured,Time,Capacity,cycle_count
3.8630172213009963,-0.001200660698297908,24.955357833915112,0.0,1.97,1
3.8630172213009963,-0.001200660698297908,24.955357833915112,1.0,1.968995983935743,1
3.8630172213009963,-0.001200660698297908,24.955357833915112,2.0,1.967991967871486,1
3.8630172213009963,-0.001200660698297908,24.955357833915112,3.0,1.9669879518072289,1
3.8630172213009963,-0.001200660698297908,24.955357833915112,4.0,1.9659839357429718,1
3.8630172213009963,-0.001200660698297908,24.955357833915112,5.0,1.9649799196787148,1
3.8630172213009963,-0.001200660698297908,24.955357833915112,6.0,1.9639759036144577,1
3.8630172213009963,-0.001200660698297908,24.955357833915112,7.0,1.9629718875502007,1
3.8630172213009963,-0.001200660698297908,24.955357833915112,8.0,1.9619678714859436,1
3.8630172213009963,-0.001200660698297908,24.955357833915112,9.0,1.9609638554216868,1
3.8630172213009963,-0.001200660698297908,24.955357833915112,10.0,1.9599598393574298,1
3.8630172213009963,-0.001200660698297908,24.955357833915112,11.0,1.9589558232931727,1
3.8630172213009963,-0.001200660698297908,24.955357833915112,12.0,1.9579518072289157,1
3.8630172213009963,-0.001200660698297908,24.955357833915112,13.0,1.9569477911646587,1
3.8630172213009963,-0.001200660698297908,24.955357833915112,14.0,1.9559437751004016,1
3.8630172213009963,-0.001200660698297908,24.955357833915112,15.0,1.9549397590361446,1
3.8630172213009963,-0.001200660698297908,24.955357833915112,16.0,1.9539357429718875,1
3.8630172213009963,-0.001200660698297908,24.955357833915112,17.0,1.9529317269076305,1
3.8630172213009963,-0.001200660698297908,24.955357833915112,18.0,1.9519277108433735,1
3.8630172213009963,-0.001200660698297908,24.955357833915112,19.0,1.9509236947791164,1
3.8630172213009963,-0.001200660698297908,24.955357833915112,20.0,1.9499196787148594,1
3.8630172213009963,-0.001200660698297908,24.955357833915112,21.0,1.9489156626506023,1
3.8630172213009963,-0.001200660698297908,24.955357833915112,22.0,1.9479116465863453,1
3.8630172213009963,-0.001200660698297908,24.955357833915112,23.0,1.9469076305220883,1
3.8630172213009963,-0.001200660698297908,24.955357833915112,24.0,1.9459036144578312,1
3.8630172213009963,-0.001200660698297908,24.955357833915112,25.0,1.9448995983935742,1
3.8630172213009963,-0.001200660698297908,24.955357833915112,26.0,1.9438955823293171,1
3.8630172213009963,-0.001200660698297908,24.955357833915112,27.0,1.9428915662650603,1
3.8630172213009963,-0.001200660698297908,24.955357833915112,28.0,1.9418875502008033,1
3.8630172213009963,-0.001200660698297908,24.955357833915112,29.0,1.9408835341365462,1
3.8630172213009963,-0.001200660698297908,24.955357833915112,30.0,1.9398795180722892,1
3.8630172213009963,-0.001200660698297908,24.955357833915112,31.0,1.9388755020080322,1
3.8630172213009963,-0.001200660698297908,24.955357833915112,32.0,1.9378714859437751,1
3.8630172213009963,-0.001200660698297908,24.955357833915112,33.0,1.936867469879518,1
3.8630172213009963,-0.001200660698297908,24.955357833915112,34.0,1.935863453815261,1
3.8630172213009963,-0.001200660698297908,24.955357833915112,35.0,1.934859437751004,1
3.8630172213009963,-0.001200660698297908,24.955357833915112,36.0,1.933855421686747,1
3.8630172213009963,-0.001200660698297908,24.955357833915112,37.0,1.93285140562249,1
3.8630172213009963,-0.001200660698297908,24.955357833915112,38.0,1.9318473895582329,1
3.8630172213009963,-0.001200660698297908,24.955357833915112,39.0,1.9308433734939758,1
3.8630172213009963,-0.001200660698297908,24.955357833915112,40.0,1.9298393574297188,1
3.8630172213009963,-0.001200660698297908,24.955357833915112,41.0,1.9288353413654618,1
3.8630172213009963,-0.001200660698297908,24.955357833915112,42.0,1.9278313253012047,1
3.8630172213009963,-0.001200660698297908,24.955357833915112,43.0,1.9268273092369477,1
3.8630172213009963,-0.001200660698297908,24.955357833915112,44.0,1.9258232931726906,1
3.8630172213009963,-0.001200660698297908,24.955357833915112,45.0,1.9248192771084338,1
3.8630172213009963,-0.001200660698297908,24.955357833915112,46.0,1.9238152610441768,1
3.8630172213009963,-0.001200660698297908,24.955357833915112,47.0,1.9228112449799197,1
3.8630172213009963,-0.001200660698297908,24.955357833915112,48.0,1.9218072289156627,1
3.8630172213009963,-0.001200660698297908,24.955357833915112,49.0,1.9208032128514057,1
3.8630172213009963,-0.001200660698297908,24.955357833915112,50.0,1.9197991967871486,1
3.8630172213009963,-0.001200660698297908,24.955357833915112,51.0,1.9187951807228916,1
3.8630172213009963,-0.001200660698297908,24.955357833915112,52.0,1.9177911646586345,1
3.8630172213009963,-0.001200660698297908,24.955357833915112,53.0,1.9167871485943775,1
3.8630172213009963,-0.001200660698297908,24.955357833915112,54.0,1.9157831325301204,1
3.8630172213009963,-0.001200660698297908,24.955357833915112,55.0,1.9147791164658634,1
3.8630172213009963,-0.001200660698297908,24.955357833915112,56.0,1.9137751004016064,1
3.8630172213009963,-0.001200660698297908,24.955357833915112,57.0,1.9127710843373493,1
3.8630172213009963,-0.001200660698297908,24.955357833915112,58.0,1.9117670682730923,1
3.8630172213009963,-0.001200660698297908,24.955357833915112,59.0,1.9107630522088352,1
3.8630172213009963,-0.001200660698297908,24.955357833915112,60.0,1.9097590361445782,1
3.8630172213009963,-0.001200660698297908,24.955357833915112,61.0,1.9087550200803212,1
3.8630172213009963,-0.001200660698297908,24.955357833915112,62.0,1.9077510040160643,1
3.8630172213009963,-0.001200660698297908,24.955357833915112,63.0,1.9067469879518073,1
3.8630172213009963,-0.001200660698297908,24.955357833915112,64.0,1.9057429718875503,1
3.8630172213009963,-0.001200660698297908,24.955357833915112,65.0,1.9047389558232932,1
3.8630172213009963,-0.001200660698297908,24.955357833915112,66.0,1.9037349397590362,1
3.8630172213009963,-0.001200660698297908,24.955357833915112,67.0,1.9027309236947791,1
3.8630172213009963,-0.001200660698297908,24.955357833915112,68.0,1.901726907630522,1
3.8630172213009963,-0.001200660698297908,24.955357833915112,69.0,1.900722891566265,1
3.8630172213009963,-0.001200660698297908,24.955357833915112,70.0,1.899718875502008,1
3.8630172213009963,-0.001200660698297908,24.955357833915112,71.0,1.898714859437751,1
3.8630172213009963,-0.001200660698297908,24.955357833915112,72.0,1.897710843373494,1
3.8630172213009963,-0.001200660698297908,24.955357833915112,73.0,1.896706827309237,1
3.8630172213009963,-0.001200660698297908,24.955357833915112,74.0,1.8957028112449799,1
3.8630172213009963,-0.001200660698297908,24.955357833915112,75.0,1.8946987951807228,1
3.8630172213009963,-0.001200660698297908,24.955357833915112,76.0,1.8936947791164658,1
3.8630172213009963,-0.001200660698297908,24.955357833915112,77.0,1.8926907630522087,1
3.8630172213009963,-0.001200660698297908,24.955357833915112,78.0,1.8916867469879517,1
3.8630172213009963,-0.001200660698297908,24.955357833915112,79.0,1.8906827309236947,1
3.8630172213009963,-0.001200660698297908,24.955357833915112,80.0,1.8896787148594376,1
3.8630172213009963,-0.001200660698297908,24.955357833915112,81.0,1.8886746987951808,1
3.8630172213009963,-0.001200660698297908,24.955357833915112,82.0,1.8876706827309238,1
3.8630172213009963,-0.001200660698297908,24.955357833915112,83.0,1.8866666666666667,1
3.8630172213009963,-0.001200660698297908,24.955357833915112,84.0,1.8856626506024097,1
3.8630172213009963,-0.001200660698297908,24.955357833915112,85.0,1.8846586345381526,1
3.8630172213009963,-0.001200660698297908,24.955357833915112,86.0,1.8836546184738956,1
3.8630172213009963,-0.001200660698297908,24.955357833915112,87.0,1.8826506024096386,1
3.8630172213009963,-0.001200660698297908,24.955357833915112,88.0,1.8816465863453815,1
3.8630172213009963,-0.001200660698297908,24.955357833915112,89.0,1.8806425702811245,1
3.8630172213009963,-0.001200660698297908,24.955357833915112,90.0,1.8796385542168674,1
3.8630172213009963,-0.001200660698297908,24.955357833915112,91.0,1.8786345381526104,1
3.8630172213009963,-0.001200660698297908,24.955357833915112,92.0,1.8776305220883533,1
3.8630172213009963,-0.001200660698297908,24.955357833915112,93.0,1.8766265060240963,1
3.8630172213009963,-0.001200660698297908,24.955357833915112,94.0,1.8756224899598393,1
3.8630172213009963,-0.001200660698297908,24.955357833915112,95.0,1.8746184738955822,1
3.8630172213009963,-0.001200660698297908,24.955357833915112,96.0,1.8736144578313252,1
3.8630172213009963,-0.001200660698297908,24.955357833915112,97.0,1.8726104417670684,1
3.8630172213009963,-0.001200660698297908,24.955357833915112,98.0,1.8716064257028113,1
3.8630172213009963,-0.001200660698297908,24.955357833915112,99.0,1.8706024096385543,1
3.8630172213009963,-0.001200660698297908,24.955357833915112,100.0,1.8695983935742972,1
3.8630172213009963,-0.001200660698297908,24.955357833915112,101.0,1.8685943775100402,1
3.8630172213009963,-0.001200660698297908,24.955357833915112,102.0,1.8675903614457832,1
3.8630172213009963,-0.001200660698297908,24.955357833915112,103.0,1.8665863453815261,1
3.8630172213009963,-0.001200660698297908,24.955357833915112,104.0,1.865582329317269,1
3.8630172213009963,-0.001200660698297908,24.955357833915112,105.0,1.864578313253012,1
3.8630172213009963,-0.001200660698297908,24.955357833915112,106.0,1.863574297188755,1
3.8630172213009963,-0.001200660698297908,24.955357833915112,107.0,1.862570281124498,1
3.8630172213009963,-0.001200660698297908,24.955357833915112,108.0,1.861566265060241,1
3.8630172213009963,-0.001200660698297908,24.955357833915112,109.0,1.8605622489959839,1
3.8630172213009963,-0.001200660698297908,24.955357833915112,110.0,1.8595582329317268,1
3.8630172213009963,-0.001200660698297908,24.955357833915112,111.0,1.8585542168674698,1
3.8630172213009963,-0.001200660698297908,24.955357833915112,112.0,1.8575502008032128,1
3.8630172213009963,-0.001200660698297908,24.955357833915112,113.0,1.8565461847389557,1
3.8630172213009963,-0.001200660698297908,24.955357833915112,114.0,1.8555421686746987,1
3.8630172213009963,-0.001200660698297908,24.955357833915112,115.0,1.8545381526104416,1
3.8630172213009963,-0.001200660698297908,24.955357833915112,116.0,1.8535341365461848,1
3.8630172213009963,-0.001200660698297908,24.955357833915112,117.0,1.8525301204819278,1
3.8630172213009963,-0.001200660698297908,24.955357833915112,118.0,1.8515261044176707,1
3.8630172213009963,-0.001200660698297908,24.955357833915112,119.0,1.8505220883534137,1
3.8630172213009963,-0.001200660698297908,24.955357833915112,120.0,1.8495180722891567,1
3.8630172213009963,-0.001200660698297908,24.955357833915112,121.0,1.8485140562248996,1
3.8630172213009963,-0.001200660698297908,24.955357833915112,122.0,1.8475100401606426,1
3.8630172213009963,-0.001200660698297908,24.955357833915112,123.0,1.8465060240963855,1
3.8630172213009963,-0.001200660698297908,24.955357833915112,124.0,1.8455020080321285,1
3.8630172213009963,-0.001200660698297908,24.955357833915112,125.0,1.8444979919678715,1
3.8630172213009963,-0.001200660698297908,24.955357833915112,126.0,1.8434939759036144,1
3.8630172213009963,-0.001200660698297908,24.955357833915112,127.0,1.8424899598393574,1
3.8630172213009963,-0.001200660698297908,24.955357833915112,128.0,1.8414859437751003,1
3.8630172213009963,-0.001200660698297908,24.955357833915112,129.0,1.8404819277108433,1
3.8630172213009963,-0.001200660698297908,24.955357833915112,130.0,1.8394779116465863,1
3.8630172213009963,-0.001200660698297908,24.955357833915112,131.0,1.8384738955823292,1
3.8630172213009963,-0.001200660698297908,24.955357833915112,132.0,1.8374698795180724,1
3.8630172213009963,-0.001200660698297908,24.955357833915112,133.0,1.8364658634538154,1
3.8630172213009963,-0.001200660698297908,24.955357833915112,134.0,1.8354618473895583,1
3.8630172213009963,-0.001200660698297908,24.955357833915112,135.0,1.8344578313253013,1
3.8630172213009963,-0.001200660698297908,24.955357833915112,136.0,1.8334538152610442,1
3.8630172213009963,-0.001200660698297908,24.955357833915112,137.0,1.8324497991967872,1
3.8630172213009963,-0.001200660698297908,24.955357833915112,138.0,1.8314457831325301,1
3.8630172213009963,-0.001200660698297908,24.955357833915112,139.0,1.830441767068273,1
3.8630172213009963,-0.001200660698297908,24.955357833915112,140.0,1.829437751004016,1
3.8630172213009963,-0.001200660698297908,24.955357833915112,141.0,1.828433734939759,1
3.8630172213009963,-0.001200660698297908,24.955357833915112,142.0,1.827429718875502,1
3.8630172213009963,-0.001200660698297908,24.955357833915112,143.0,1.826425702811245,1
3.8630172213009963,-0.001200660698297908,24.955357833915112,144.0,1.825421686746988,1
3.8630172213009963,-0.001200660698297908,24.955357833915112,145.0,1.8244176706827309,1
3.8630172213009963,-0.001200660698297908,24.955357833915112,146.0,1.8234136546184738,1
3.8630172213009963,-0.001200660698297908,24.955357833915112,147.0,1.8224096385542168,1
3.8630172213009963,-0.001200660698297908,24.955357833915112,148.0,1.8214056224899597,1
3.8630172213009963,-0.001200660698297908,24.955357833915112,149.0,1.8204016064257027,1
3.8630172213009963,-0.001200660698297908,24.955357833915112,150.0,1.8193975903614457,1
3.8630172213009963,-0.001200660698297908,24.955357833915112,151.0,1.8183935742971886,1
3.8630172213009963,-0.001200660698297908,24.955357833915112,152.0,1.8173895582329318,1
3.8630172213009963,-0.001200660698297908,24.955357833915112,153.0,1.8163855421686748,1
3.8630172213009963,-0.001200660698297908,24.955357833915112,154.0,1.8153815261044177,1
3.8630172213009963,-0.001200660698297908,24.955357833915112,155.0,1.8143775100401607,1
3.8630172213009963,-0.001200660698297908,24.955357833915112,156.0,1.8133734939759036,1
3.8630172213009963,-0.001200660698297908,24.955357833915112,157.0,1.8123694779116466,1
3.8630172213009963,-0.001200660698297908,24.955357833915112,158.0,1.8113654618473896,1
3.8630172213009963,-0.001200660698297908,24.955357833915112,159.0,1.8103614457831325,1
3.8630172213009963,-0.001200660698297908,24.955357833915112,160.0,1.8093574297188755,1
3.8630172213009963,-0.001200660698297908,24.955357833915112,161.0,1.8083534136546184,1
3.8630172213009963,-0.001200660698297908,24.955357833915112,162.0,1.8073493975903614,1
3.8630172213009963,-0.001200660698297908,24.955357833915112,163.0,1.8063453815261044,1
3.8630172213009963,-0.001200660698297908,24.955357833915112,164.0,1.8053413654618473,1
3.8630172213009963,-0.001200660698297908,24.955357833915112,165.0,1.8043373493975903,1
3.8630172213009963,-0.001200660698297908,24.955357833915112,166.0,1.8033333333333332,1
3.8630172213009963,-0.001200660698297908,24.955357833915112,167.0,1.8023293172690764,1
3.8630172213009963,-0.001200660698297908,24.955357833915112,168.0,1.8013253012048194,1
3.8630172213009963,-0.001200660698297908,24.955357833915112,169.0,1.8003212851405623,1
3.8630172213009963,-0.001200660698297908,24.955357833915112,170.0,1.7993172690763053,1
3.8630172213009963,-0.001200660698297908,24.955357833915112,171.0,1.7983132530120483,1
3.8630172213009963,-0.001200660698297908,24.955357833915112,172.0,1.7973092369477912,1
3.8630172213009963,-0.001200660698297908,24.955357833915112,173.0,1.7963052208835342,1
3.8630172213009963,-0.001200660698297908,24.955357833915112,174.0,1.7953012048192771,1
3.8630172213009963,-0.001200660698297908,24.955357833915112,175.0,1.79429718875502,1
3.8630172213009963,-0.001200660698297908,24.955357833915112,176.0,1.793293172690763,1
3.8630172213009963,-0.001200660698297908,24.955357833915112,177.0,1.792289156626506,1
3.8630172213009963,-0.001200660698297908,24.955357833915112,178.0,1.791285140562249,1
3.8630172213009963,-0.001200660698297908,24.955357833915112,179.0,1.790281124497992,1
3.8630172213009963,-0.001200660698297908,24.955357833915112,180.0,1.7892771084337349,1
3.8630172213009963,-0.001200660698297908,24.955357833915112,181.0,1.7882730923694778,1
3.8630172213009963,-0.001200660698297908,24.955357833915112,182.0,1.7872690763052208,1
3.8630172213009963,-0.001200660698297908,24.955357833915112,183.0,1.7862650602409638,1
3.8630172213009963,-0.001200660698297908,24.955357833915112,184.0,1.7852610441767067,1
3.8630172213009963,-0.001200660698297908,24.955357833915112,185.0,1.7842570281124497,1
3.8630172213009963,-0.001200660698297908,24.955357833915112,186.0,1.7832530120481926,1
3.8630172213009963,-0.001200660698297908,24.955357833915112,187.0,1.7822489959839358,1
3.8630172213009963,-0.001200660698297908,24.955357833915112,188.0,1.7812449799196788,1
3.8630172213009963,-0.001200660698297908,24.955357833915112,189.0,1.7802409638554217,1
3.8630172213009963,-0.001200660698297908,24.955357833915112,190.0,1.7792369477911647,1
3.8630172213009963,-0.001200660698297908,24.955357833915112,191.0,1.7782329317269077,1
3.8630172213009963,-0.001200660698297908,24.955357833915112,192.0,1.7772289156626506,1
3.8630172213009963,-0.001200660698297908,24.955357833915112,193.0,1.7762248995983936,1
3.8630172213009963,-0.001200660698297908,24.955357833915112,194.0,1.7752208835341365,1
3.8630172213009963,-0.001200660698297908,24.955357833915112,195.0,1.7742168674698795,1
3.8630172213009963,-0.001200660698297908,24.955357833915112,196.0,1.7732128514056225,1
3.8630172213009963,-0.001200660698297908,24.955357833915112,197.0,1.7722088353413654,1
3.8630172213009963,-0.001200660698297908,24.955357833915112,198.0,1.7712048192771084,1
3.8630172213009963,-0.001200660698297908,24.955357833915112,199.0,1.7702008032128513,1
3.8630172213009963,-0.001200660698297908,24.955357833915112,200.0,1.7691967871485943,1
3.8630172213009963,-0.001200660698297908,24.955357833915112,201.0,1.7681927710843373,1
3.8630172213009963,-0.001200660698297908,24.955357833915112,202.0,1.7671887550200804,1
3.8630172213009963,-0.001200660698297908,24.955357833915112,203.0,1.7661847389558234,1
3.8630172213009963,-0.001200660698297908,24.955357833915112,204.0,1.7651807228915664,1
3.8630172213009963,-0.001200660698297908,24.955357833915112,205.0,1.7641767068273093,1
3.8630172213009963,-0.001200660698297908,24.955357833915112,206.0,1.7631726907630523,1
3.8630172213009963,-0.001200660698297908,24.955357833915112,207.0,1.7621686746987952,1
3.8630172213009963,-0.001200660698297908,24.955357833915112,208.0,1.7611646586345382,1
3.8630172213009963,-0.001200660698297908,24.955357833915112,209.0,1.7601606425702812,1
3.8630172213009963,-0.001200660698297908,24.955357833915112,210.0,1.7591566265060241,1
3.8630172213009963,-0.001200660698297908,24.955357833915112,211.0,1.758152610441767,1
3.8630172213009963,-0.001200660698297908,24.955357833915112,212.0,1.75714859437751,1
3.8630172213009963,-0.001200660698297908,24.955357833915112,213.0,1.756144578313253,1
3.8630172213009963,-0.001200660698297908,24.955357833915112,214.0,1.755140562248996,1
3.8630172213009963,-0.001200660698297908,24.955357833915112,215.0,1.754136546184739,1
3.8630172213009963,-0.001200660698297908,24.955357833915112,216.0,1.7531325301204819,1
3.8630172213009963,-0.001200660698297908,24.955357833915112,217.0,1.7521285140562248,1
3.8630172213009963,-0.001200660698297908,24.955357833915112,218.0,1.7511244979919678,1
3.8630172213009963,-0.001200660698297908,24.955357833915112,219.0,1.7501204819277107,1
3.8630172213009963,-0.001200660698297908,24.955357833915112,220.0,1.7491164658634537,1
3.8630172213009963,-0.001200660698297908,24.955357833915112,221.0,1.7481124497991967,1
3.8630172213009963,-0.001200660698297908,24.955357833915112,222.0,1.7471084337349398,1
3.8630172213009963,-0.001200660698297908,24.955357833915112,223.0,1.7461044176706828,1
3.8630172213009963,-0.001200660698297908,24.955357833915112,224.0,1.7451004016064258,1
3.8630172213009963,-0.001200660698297908,24.955357833915112,225.0,1.7440963855421687,1
3.8630172213009963,-0.001200660698297908,24.955357833915112,226.0,1.7430923694779117,1
3.8630172213009963,-0.001200660698297908,24.955357833915112,227.0,1.7420883534136546,1
3.8630172213009963,-0.001200660698297908,24.955357833915112,228.0,1.7410843373493976,1
3.8630172213009963,-0.001200660698297908,24.955357833915112,229.0,1.7400803212851406,1
3.8630172213009963,-0.001200660698297908,24.955357833915112,230.0,1.7390763052208835,1
3.8630172213009963,-0.001200660698297908,24.955357833915112,231.0,1.7380722891566265,1
3.8630172213009963,-0.001200660698297908,24.955357833915112,232.0,1.7370682730923694,1
3.8630172213009963,-0.001200660698297908,24.955357833915112,233.0,1.7360642570281124,1
3.8630172213009963,-0.001200660698297908,24.955357833915112,234.0,1.7350602409638554,1
3.8630172213009963,-0.001200660698297908,24.955357833915112,235.0,1.7340562248995983,1
3.8630172213009963,-0.001200660698297908,24.955357833915112,236.0,1.7330522088353413,1
3.8630172213009963,-0.001200660698297908,24.955357833915112,237.0,1.7320481927710842,1
3.8630172213009963,-0.001200660698297908,24.955357833915112,238.0,1.7310441767068274,1
3.8630172213009963,-0.001200660698297908,24.955357833915112,239.0,1.7300401606425704,1
3.8630172213009963,-0.001200660698297908,24.955357833915112,240.0,1.7290361445783133,1
3.8630172213009963,-0.001200660698297908,24.955357833915112,241.0,1.7280321285140563,1
3.8630172213009963,-0.001200660698297908,24.955357833915112,242.0,1.7270281124497993,1
3.8630172213009963,-0.001200660698297908,24.955357833915112,243.0,1.7260240963855422,1
3.8630172213009963,-0.001200660698297908,24.955357833915112,244.0,1.7250200803212852,1
3.8630172213009963,-0.001200660698297908,24.955357833915112,245.0,1.7240160642570281,1
3.8630172213009963,-0.001200660698297908,24.955357833915112,246.0,1.723012048192771,1
3.8630172213009963,-0.001200660698297908,24.955357833915112,247.0,1.722008032128514,1
3.8630172213009963,-0.001200660698297908,24.955357833915112,248.0,1.721004016064257,1
3.8630172213009963,-0.001200660698297908,24.955357833915112,249.0,1.72,1
3.853017221300996,-0.001200660698297908,25.255357833915113,0.0,1.94,2
3.853017221300996,-0.001200660698297908,25.255357833915113,1.0,1.938995983935743,2
3.853017221300996,-0.001200660698297908,25.255357833915113,2.0,1.9379919678714859,2
3.853017221300996,-0.001200660698297908,25.255357833915113,3.0,1.9369879518072288,2
3.853017221300996,-0.001200660698297908,25.255357833915113,4.0,1.9359839357429718,2
3.853017221300996,-0.001200660698297908,25.255357833915113,5.0,1.9349799196787147,2
3.853017221300996,-0.001200660698297908,25.255357833915113,6.0,1.9339759036144577,2
3.853017221300996,-0.001200660698297908,25.255357833915113,7.0,1.9329718875502007,2
3.853017221300996,-0.001200660698297908,25.255357833915113,8.0,1.9319678714859436,2
3.853017221300996,-0.001200660698297908,25.255357833915113,9.0,1.9309638554216868,2
3.853017221300996,-0.001200660698297908,25.255357833915113,10.0,1.9299598393574298,2
3.853017221300996,-0.001200660698297908,25.255357833915113,11.0,1.9289558232931727,2
3.853017221300996,-0.001200660698297908,25.255357833915113,12.0,1.9279518072289157,2
3.853017221300996,-0.001200660698297908,25.255357833915113,13.0,1.9269477911646586,2
3.853017221300996,-0.001200660698297908,25.255357833915113,14.0,1.9259437751004016,2
3.853017221300996,-0.001200660698297908,25.255357833915113,15.0,1.9249397590361446,2
3.853017221300996,-0.001200660698297908,25.255357833915113,16.0,1.9239357429718875,2
3.853017221300996,-0.001200660698297908,25.255357833915113,17.0,1.9229317269076305,2
3.853017221300996,-0.001200660698297908,25.255357833915113,18.0,1.9219277108433734,2
3.853017221300996,-0.001200660698297908,25.255357833915113,19.0,1.9209236947791164,2
3.853017221300996,-0.001200660698297908,25.255357833915113,20.0,1.9199196787148594,2
3.853017221300996,-0.001200660698297908,25.255357833915113,21.0,1.9189156626506023,2
3.853017221300996,-0.001200660698297908,25.255357833915113,22.0,1.9179116465863453,2
3.853017221300996,-0.001200660698297908,25.255357833915113,23.0,1.9169076305220882,2
3.853017221300996,-0.001200660698297908,25.255357833915113,24.0,1.9159036144578312,2
3.853017221300996,-0.001200660698297908,25.255357833915113,25.0,1.9148995983935742,2
3.853017221300996,-0.001200660698297908,25.255357833915113,26.0,1.9138955823293171,2
3.853017221300996,-0.001200660698297908,25.255357833915113,27.0,1.9128915662650603,2
3.853017221300996,-0.001200660698297908,25.255357833915113,28.0,1.9118875502008033,2
3.853017221300996,-0.001200660698297908,25.255357833915113,29.0,1.9108835341365462,2
3.853017221300996,-0.001200660698297908,25.255357833915113,30.0,1.9098795180722892,2
3.853017221300996,-0.001200660698297908,25.255357833915113,31.0,1.9088755020080321,2
3.853017221300996,-0.001200660698297908,25.255357833915113,32.0,1.907871485943775,2
3.853017221300996,-0.001200660698297908,25.255357833915113,33.0,1.906867469879518,2
3.853017221300996,-0.001200660698297908,25.255357833915113,34.0,1.905863453815261,2
3.853017221300996,-0.001200660698297908,25.255357833915113,35.0,1.904859437751004,2
3.853017221300996,-0.001200660698297908,25.255357833915113,36.0,1.903855421686747,2
3.853017221300996,-0.001200660698297908,25.255357833915113,37.0,1.9028514056224899,2
3.853017221300996,-0.001200660698297908,25.255357833915113,38.0,1.9018473895582328,2
3.853017221300996,-0.001200660698297908,25.255357833915113,39.0,1.9008433734939758,2
3.853017221300996,-0.001200660698297908,25.255357833915113,40.0,1.8998393574297188,2
3.853017221300996,-0.001200660698297908,25.255357833915113,41.0,1.8988353413654617,2
3.853017221300996,-0.001200660698297908,25.255357833915113,42.0,1.8978313253012047,2
3.853017221300996,-0.001200660698297908,25.255357833915113,43.0,1.8968273092369476,2
3.853017221300996,-0.001200660698297908,25.255357833915113,44.0,1.8958232931726906,2
3.853017221300996,-0.001200660698297908,25.255357833915113,45.0,1.8948192771084338,2
3.853017221300996,-0.001200660698297908,25.255357833915113,46.0,1.8938152610441767,2
3.853017221300996,-0.001200660698297908,25.255357833915113,47.0,1.8928112449799197,2
3.853017221300996,-0.001200660698297908,25.255357833915113,48.0,1.8918072289156627,2
3.853017221300996,-0.001200660698297908,25.255357833915113,49.0,1.8908032128514056,2
3.853017221300996,-0.001200660698297908,25.255357833915113,50.0,1.8897991967871486,2
3.853017221300996,-0.001200660698297908,25.255357833915113,51.0,1.8887951807228915,2
3.853017221300996,-0.001200660698297908,25.255357833915113,52.0,1.8877911646586345,2
3.853017221300996,-0.001200660698297908,25.255357833915113,53.0,1.8867871485943775,2
3.853017221300996,-0.001200660698297908,25.255357833915113,54.0,1.8857831325301204,2
3.853017221300996,-0.001200660698297908,25.255357833915113,55.0,1.8847791164658634,2
3.853017221300996,-0.001200660698297908,25.255357833915113,56.0,1.8837751004016063,2
3.853017221300996,-0.001200660698297908,25.255357833915113,57.0,1.8827710843373493,2
3.853017221300996,-0.001200660698297908,25.255357833915113,58.0,1.8817670682730923,2
3.853017221300996,-0.001200660698297908,25.255357833915113,59.0,1.8807630522088352,2
3.853017221300996,-0.001200660698297908,25.255357833915113,60.0,1.8797590361445782,2
3.853017221300996,-0.001200660698297908,25.255357833915113,61.0,1.8787550200803211,2
3.853017221300996,-0.001200660698297908,25.255357833915113,62.0,1.8777510040160643,2
3.853017221300996,-0.001200660698297908,25.255357833915113,63.0,1.8767469879518073,2
3.853017221300996,-0.001200660698297908,25.255357833915113,64.0,1.8757429718875502,2
3.853017221300996,-0.001200660698297908,25.255357833915113,65.0,1.8747389558232932,2
3.853017221300996,-0.001200660698297908,25.255357833915113,66.0,1.8737349397590362,2
3.853017221300996,-0.001200660698297908,25.255357833915113,67.0,1.8727309236947791,2
3.853017221300996,-0.001200660698297908,25.255357833915113,68.0,1.871726907630522,2
3.853017221300996,-0.001200660698297908,25.255357833915113,69.0,1.870722891566265,2
3.853017221300996,-0.001200660698297908,25.255357833915113,70.0,1.869718875502008,2
3.853017221300996,-0.001200660698297908,25.255357833915113,71.0,1.868714859437751,2
3.853017221300996,-0.001200660698297908,25.255357833915113,72.0,1.867710843373494,2
3.853017221300996,-0.001200660698297908,25.255357833915113,73.0,1.8667068273092369,2
3.853017221300996,-0.001200660698297908,25.255357833915113,74.0,1.8657028112449798,2
3.853017221300996,-0.001200660698297908,25.255357833915113,75.0,1.8646987951807228,2
3.853017221300996,-0.001200660698297908,25.255357833915113,76.0,1.8636947791164657,2
3.853017221300996,-0.001200660698297908,25.255357833915113,77.0,1.8626907630522087,2
3.853017221300996,-0.001200660698297908,25.255357833915113,78.0,1.8616867469879517,2
3.853017221300996,-0.001200660698297908,25.255357833915113,79.0,1.8606827309236946,2
3.853017221300996,-0.001200660698297908,25.255357833915113,80.0,1.8596787148594376,2
3.853017221300996,-0.001200660698297908,25.255357833915113,81.0,1.8586746987951808,2
3.853017221300996,-0.001200660698297908,25.255357833915113,82.0,1.8576706827309237,2
3.853017221300996,-0.001200660698297908,25.255357833915113,83.0,1.8566666666666667,2
3.853017221300996,-0.001200660698297908,25.255357833915113,84.0,1.8556626506024096,2
3.853017221300996,-0.001200660698297908,25.255357833915113,85.0,1.8546586345381526,2
3.853017221300996,-0.001200660698297908,25.255357833915113,86.0,1.8536546184738956,2
3.853017221300996,-0.001200660698297908,25.255357833915113,87.0,1.8526506024096385,2
3.853017221300996,-0.001200660698297908,25.255357833915113,88.0,1.8516465863453815,2
3.853017221300996,-0.001200660698297908,25.255357833915113,89.0,1.8506425702811244,2
3.853017221300996,-0.001200660698297908,25.255357833915113,90.0,1.8496385542168674,2
3.853017221300996,-0.001200660698297908,25.255357833915113,91.0,1.8486345381526104,2
3.853017221300996,-0.001200660698297908,25.255357833915113,92.0,1.8476305220883533,2
3.853017221300996,-0.001200660698297908,25.255357833915113,93.0,1.8466265060240963,2
3.853017221300996,-0.001200660698297908,25.255357833915113,94.0,1.8456224899598392,2
3.853017221300996,-0.001200660698297908,25.255357833915113,95.0,1.8446184738955822,2
3.853017221300996,-0.001200660698297908,25.255357833915113,96.0,1.8436144578313252,2
3.853017221300996,-0.001200660698297908,25.255357833915113,97.0,1.8426104417670683,2
3.853017221300996,-0.001200660698297908,25.255357833915113,98.0,1.8416064257028113,2
3.853017221300996,-0.001200660698297908,25.255357833915113,99.0,1.8406024096385543,2
3.853017221300996,-0.001200660698297908,25.255357833915113,100.0,1.8395983935742972,2
3.853017221300996,-0.001200660698297908,25.255357833915113,101.0,1.8385943775100402,2
3.853017221300996,-0.001200660698297908,25.255357833915113,102.0,1.8375903614457831,2
3.853017221300996,-0.001200660698297908,25.255357833915113,103.0,1.836586345381526,2
3.853017221300996,-0.001200660698297908,25.255357833915113,104.0,1.835582329317269,2
3.853017221300996,-0.001200660698297908,25.255357833915113,105.0,1.834578313253012,2
3.853017221300996,-0.001200660698297908,25.255357833915113,106.0,1.833574297188755,2
3.853017221300996,-0.001200660698297908,25.255357833915113,107.0,1.832570281124498,2
3.853017221300996,-0.001200660698297908,25.255357833915113,108.0,1.831566265060241,2
3.853017221300996,-0.001200660698297908,25.255357833915113,109.0,1.8305622489959839,2
3.853017221300996,-0.001200660698297908,25.255357833915113,110.0,1.8295582329317268,2
3.853017221300996,-0.001200660698297908,25.255357833915113,111.0,1.8285542168674698,2
3.853017221300996,-0.001200660698297908,25.255357833915113,112.0,1.8275502008032127,2
3.853017221300996,-0.001200660698297908,25.255357833915113,113.0,1.8265461847389557,2
3.853017221300996,-0.001200660698297908,25.255357833915113,114.0,1.8255421686746987,2
3.853017221300996,-0.001200660698297908,25.255357833915113,115.0,1.8245381526104416,2
3.853017221300996,-0.001200660698297908,25.255357833915113,116.0,1.8235341365461848,2
3.853017221300996,-0.001200660698297908,25.255357833915113,117.0,1.8225301204819278,2
3.853017221300996,-0.001200660698297908,25.255357833915113,118.0,1.8215261044176707,2
3.853017221300996,-0.001200660698297908,25.255357833915113,119.0,1.8205220883534137,2
3.853017221300996,-0.001200660698297908,25.255357833915113,120.0,1.8195180722891566,2
3.853017221300996,-0.001200660698297908,25.255357833915113,121.0,1.8185140562248996,2
3.853017221300996,-0.001200660698297908,25.255357833915113,122.0,1.8175100401606425,2
3.853017221300996,-0.001200660698297908,25.255357833915113,123.0,1.8165060240963855,2
3.853017221300996,-0.001200660698297908,25.255357833915113,124.0,1.8155020080321285,2
3.853017221300996,-0.001200660698297908,25.255357833915113,125.0,1.8144979919678714,2
3.853017221300996,-0.001200660698297908,25.255357833915113,126.0,1.8134939759036144,2
3.853017221300996,-0.001200660698297908,25.255357833915113,127.0,1.8124899598393573,2
3.853017221300996,-0.001200660698297908,25.255357833915113,128.0,1.8114859437751003,2
3.853017221300996,-0.001200660698297908,25.255357833915113,129.0,1.8104819277108433,2
3.853017221300996,-0.001200660698297908,25.255357833915113,130.0,1.8094779116465862,2
3.853017221300996,-0.001200660698297908,25.255357833915113,131.0,1.8084738955823292,2
3.853017221300996,-0.001200660698297908,25.255357833915113,132.0,1.8074698795180724,2
3.853017221300996,-0.001200660698297908,25.255357833915113,133.0,1.8064658634538153,2
3.853017221300996,-0.001200660698297908,25.255357833915113,134.0,1.8054618473895583,2
3.853017221300996,-0.001200660698297908,25.255357833915113,135.0,1.8044578313253012,2
3.853017221300996,-0.001200660698297908,25.255357833915113,136.0,1.8034538152610442,2
3.853017221300996,-0.001200660698297908,25.255357833915113,137.0,1.8024497991967872,2
3.853017221300996,-0.001200660698297908,25.255357833915113,138.0,1.8014457831325301,2
3.853017221300996,-0.001200660698297908,25.255357833915113,139.0,1.800441767068273,2
3.853017221300996,-0.001200660698297908,25.255357833915113,140.0,1.799437751004016,2
3.853017221300996,-0.001200660698297908,25.255357833915113,141.0,1.798433734939759,2
3.853017221300996,-0.001200660698297908,25.255357833915113,142.0,1.797429718875502,2
3.853017221300996,-0.001200660698297908,25.255357833915113,143.0,1.796425702811245,2
3.853017221300996,-0.001200660698297908,25.255357833915113,144.0,1.7954216867469879,2
3.853017221300996,-0.001200660698297908,25.255357833915113,145.0,1.7944176706827308,2
3.853017221300996,-0.001200660698297908,25.255357833915113,146.0,1.7934136546184738,2
3.853017221300996,-0.001200660698297908,25.255357833915113,147.0,1.7924096385542168,2
3.853017221300996,-0.001200660698297908,25.255357833915113,148.0,1.7914056224899597,2
3.853017221300996,-0.001200660698297908,25.255357833915113,149.0,1.7904016064257027,2
3.853017221300996,-0.001200660698297908,25.255357833915113,150.0,1.7893975903614456,2
3.853017221300996,-0.001200660698297908,25.255357833915113,151.0,1.7883935742971886,2
3.853017221300996,-0.001200660698297908,25.255357833915113,152.0,1.7873895582329318,2
3.853017221300996,-0.001200660698297908,25.255357833915113,153.0,1.7863855421686747,2
3.853017221300996,-0.001200660698297908,25.255357833915113,154.0,1.7853815261044177,2
3.853017221300996,-0.001200660698297908,25.255357833915113,155.0,1.7843775100401607,2
3.853017221300996,-0.001200660698297908,25.255357833915113,156.0,1.7833734939759036,2
3.853017221300996,-0.001200660698297908,25.255357833915113,157.0,1.7823694779116466,2
3.853017221300996,-0.001200660698297908,25.255357833915113,158.0,1.7813654618473895,2
3.853017221300996,-0.001200660698297908,25.255357833915113,159.0,1.7803614457831325,2
3.853017221300996,-0.001200660698297908,25.255357833915113,160.0,1.7793574297188754,2
3.853017221300996,-0.001200660698297908,25.255357833915113,161.0,1.7783534136546184,2
3.853017221300996,-0.001200660698297908,25.255357833915113,162.0,1.7773493975903614,2
3.853017221300996,-0.001200660698297908,25.255357833915113,163.0,1.7763453815261043,2
3.853017221300996,-0.001200660698297908,25.255357833915113,164.0,1.7753413654618473,2
3.853017221300996,-0.001200660698297908,25.255357833915113,165.0,1.7743373493975902,2
3.853017221300996,-0.001200660698297908,25.255357833915113,166.0,1.7733333333333332,2
3.853017221300996,-0.001200660698297908,25.255357833915113,167.0,1.7723293172690764,2
3.853017221300996,-0.001200660698297908,25.255357833915113,168.0,1.7713253012048193,2
3.853017221300996,-0.001200660698297908,25.255357833915113,169.0,1.7703212851405623,2
3.853017221300996,-0.001200660698297908,25.255357833915113,170.0,1.7693172690763053,2
3.853017221300996,-0.001200660698297908,25.255357833915113,171.0,1.7683132530120482,2
3.853017221300996,-0.001200660698297908,25.255357833915113,172.0,1.7673092369477912,2
3.853017221300996,-0.001200660698297908,25.255357833915113,173.0,1.7663052208835341,2
3.853017221300996,-0.001200660698297908,25.255357833915113,174.0,1.765301204819277,2
3.853017221300996,-0.001200660698297908,25.255357833915113,175.0,1.76429718875502,2
3.853017221300996,-0.001200660698297908,25.255357833915113,176.0,1.763293172690763,2
3.853017221300996,-0.001200660698297908,25.255357833915113,177.0,1.762289156626506,2
3.853017221300996,-0.001200660698297908,25.255357833915113,178.0,1.761285140562249,2
3.853017221300996,-0.001200660698297908,25.255357833915113,179.0,1.760281124497992,2
3.853017221300996,-0.001200660698297908,25.255357833915113,180.0,1.7592771084337349,2
3.853017221300996,-0.001200660698297908,25.255357833915113,181.0,1.7582730923694778,2
3.853017221300996,-0.001200660698297908,25.255357833915113,182.0,1.7572690763052208,2
3.853017221300996,-0.001200660698297908,25.255357833915113,183.0,1.7562650602409637,2
3.853017221300996,-0.001200660698297908,25.255357833915113,184.0,1.7552610441767067,2
3.853017221300996,-0.001200660698297908,25.255357833915113,185.0,1.7542570281124497,2
3.853017221300996,-0.001200660698297908,25.255357833915113,186.0,1.7532530120481926,2
3.853017221300996,-0.001200660698297908,25.255357833915113,187.0,1.7522489959839358,2
3.853017221300996,-0.001200660698297908,25.255357833915113,188.0,1.7512449799196788,2
3.853017221300996,-0.001200660698297908,25.255357833915113,189.0,1.7502409638554217,2
3.853017221300996,-0.001200660698297908,25.255357833915113,190.0,1.7492369477911647,2
3.853017221300996,-0.001200660698297908,25.255357833915113,191.0,1.7482329317269076,2
3.853017221300996,-0.001200660698297908,25.255357833915113,192.0,1.7472289156626506,2
3.853017221300996,-0.001200660698297908,25.255357833915113,193.0,1.7462248995983936,2
3.853017221300996,-0.001200660698297908,25.255357833915113,194.0,1.7452208835341365,2
3.853017221300996,-0.001200660698297908,25.255357833915113,195.0,1.7442168674698795,2
3.853017221300996,-0.001200660698297908,25.255357833915113,196.0,1.7432128514056224,2
3.853017221300996,-0.001200660698297908,25.255357833915113,197.0,1.7422088353413654,2
3.853017221300996,-0.001200660698297908,25.255357833915113,198.0,1.7412048192771084,2
3.853017221300996,-0.001200660698297908,25.255357833915113,199.0,1.7402008032128513,2
3.853017221300996,-0.001200660698297908,25.255357833915113,200.0,1.7391967871485943,2
3.853017221300996,-0.001200660698297908,25.255357833915113,201.0,1.7381927710843372,2
3.853017221300996,-0.001200660698297908,25.255357833915113,202.0,1.7371887550200804,2
3.853017221300996,-0.001200660698297908,25.255357833915113,203.0,1.7361847389558234,2
3.853017221300996,-0.001200660698297908,25.255357833915113,204.0,1.7351807228915663,2
3.853017221300996,-0.001200660698297908,25.255357833915113,205.0,1.7341767068273093,2
3.853017221300996,-0.001200660698297908,25.255357833915113,206.0,1.7331726907630522,2
3.853017221300996,-0.001200660698297908,25.255357833915113,207.0,1.7321686746987952,2
3.853017221300996,-0.001200660698297908,25.255357833915113,208.0,1.7311646586345382,2
3.853017221300996,-0.001200660698297908,25.255357833915113,209.0,1.7301606425702811,2
3.853017221300996,-0.001200660698297908,25.255357833915113,210.0,1.729156626506024,2
3.853017221300996,-0.001200660698297908,25.255357833915113,211.0,1.728152610441767,2
3.853017221300996,-0.001200660698297908,25.255357833915113,212.0,1.72714859437751,2
3.853017221300996,-0.001200660698297908,25.255357833915113,213.0,1.726144578313253,2
3.853017221300996,-0.001200660698297908,25.255357833915113,214.0,1.725140562248996,2
3.853017221300996,-0.001200660698297908,25.255357833915113,215.0,1.7241365461847389,2
3.853017221300996,-0.001200660698297908,25.255357833915113,216.0,1.7231325301204818,2
3.853017221300996,-0.001200660698297908,25.255357833915113,217.0,1.7221285140562248,2
3.853017221300996,-0.001200660698297908,25.255357833915113,218.0,1.7211244979919678,2
3.853017221300996,-0.001200660698297908,25.255357833915113,219.0,1.7201204819277107,2
3.853017221300996,-0.001200660698297908,25.255357833915113,220.0,1.7191164658634537,2
3.853017221300996,-0.001200660698297908,25.255357833915113,221.0,1.7181124497991966,2
3.853017221300996,-0.001200660698297908,25.255357833915113,222.0,1.7171084337349398,2
3.853017221300996,-0.001200660698297908,25.255357833915113,223.0,1.7161044176706828,2
3.853017221300996,-0.001200660698297908,25.255357833915113,224.0,1.7151004016064257,2
3.853017221300996,-0.001200660698297908,25.255357833915113,225.0,1.7140963855421687,2
3.853017221300996,-0.001200660698297908,25.255357833915113,226.0,1.7130923694779117,2
3.853017221300996,-0.001200660698297908,25.255357833915113,227.0,1.7120883534136546,2
3.853017221300996,-0.001200660698297908,25.255357833915113,228.0,1.7110843373493976,2
3.853017221300996,-0.001200660698297908,25.255357833915113,229.0,1.7100803212851405,2
3.853017221300996,-0.001200660698297908,25.255357833915113,230.0,1.7090763052208835,2
3.853017221300996,-0.001200660698297908,25.255357833915113,231.0,1.7080722891566265,2
3.853017221300996,-0.001200660698297908,25.255357833915113,232.0,1.7070682730923694,2
3.853017221300996,-0.001200660698297908,25.255357833915113,233.0,1.7060642570281124,2
3.853017221300996,-0.001200660698297908,25.255357833915113,234.0,1.7050602409638553,2
3.853017221300996,-0.001200660698297908,25.255357833915113,235.0,1.7040562248995983,2
3.853017221300996,-0.001200660698297908,25.255357833915113,236.0,1.7030522088353413,2
3.853017221300996,-0.001200660698297908,25.255357833915113,237.0,1.7020481927710842,2
3.853017221300996,-0.001200660698297908,25.255357833915113,238.0,1.7010441767068274,2
3.853017221300996,-0.001200660698297908,25.255357833915113,239.0,1.7000401606425704,2
3.853017221300996,-0.001200660698297908,25.255357833915113,240.0,1.6990361445783133,2
3.853017221300996,-0.001200660698297908,25.255357833915113,241.0,1.6980321285140563,2
3.853017221300996,-0.001200660698297908,25.255357833915113,242.0,1.6970281124497992,2
3.853017221300996,-0.001200660698297908,25.255357833915113,243.0,1.6960240963855422,2
3.853017221300996,-0.001200660698297908,25.255357833915113,244.0,1.6950200803212851,2
3.853017221300996,-0.001200660698297908,25.255357833915113,245.0,1.694016064257028,2
3.853017221300996,-0.001200660698297908,25.255357833915113,246.0,1.693012048192771,2
3.853017221300996,-0.001200660698297908,25.255357833915113,247.0,1.692008032128514,2
3.853017221300996,-0.001200660698297908,25.255357833915113,248.0,1.691004016064257,2
3.853017221300996,-0.001200660698297908,25.255357833915113,249.0,1.69,2
3.8430172213009963,-0.001200660698297908,25.55535783391511,0.0,1.91,3
3.8430172213009963,-0.001200660698297908,25.55535783391511,1.0,1.9089959839357429,3
3.8430172213009963,-0.001200660698297908,25.55535783391511,2.0,1.9079919678714858,3
3.8430172213009963,-0.001200660698297908,25.55535783391511,3.0,1.9069879518072288,3
3.8430172213009963,-0.001200660698297908,25.55535783391511,4.0,1.9059839357429718,3
3.8430172213009963,-0.001200660698297908,25.55535783391511,5.0,1.9049799196787147,3
3.8430172213009963,-0.001200660698297908,25.55535783391511,6.0,1.9039759036144577,3
3.8430172213009963,-0.001200660698297908,25.55535783391511,7.0,1.9029718875502006,3
3.8430172213009963,-0.001200660698297908,25.55535783391511,8.0,1.9019678714859436,3
3.8430172213009963,-0.001200660698297908,25.55535783391511,9.0,1.9009638554216868,3
3.8430172213009963,-0.001200660698297908,25.55535783391511,10.0,1.8999598393574297,3
3.8430172213009963,-0.001200660698297908,25.55535783391511,11.0,1.8989558232931727,3
3.8430172213009963,-0.001200660698297908,25.55535783391511,12.0,1.8979518072289157,3
3.8430172213009963,-0.001200660698297908,25.55535783391511,13.0,1.8969477911646586,3
3.8430172213009963,-0.001200660698297908,25.55535783391511,14.0,1.8959437751004016,3
3.8430172213009963,-0.001200660698297908,25.55535783391511,15.0,1.8949397590361445,3
3.8430172213009963,-0.001200660698297908,25.55535783391511,16.0,1.8939357429718875,3
3.8430172213009963,-0.001200660698297908,25.55535783391511,17.0,1.8929317269076305,3
3.8430172213009963,-0.001200660698297908,25.55535783391511,18.0,1.8919277108433734,3
3.8430172213009963,-0.001200660698297908,25.55535783391511,19.0,1.8909236947791164,3
3.8430172213009963,-0.001200660698297908,25.55535783391511,20.0,1.8899196787148593,3
3.8430172213009963,-0.001200660698297908,25.55535783391511,21.0,1.8889156626506023,3
3.8430172213009963,-0.001200660698297908,25.55535783391511,22.0,1.8879116465863452,3
3.8430172213009963,-0.001200660698297908,25.55535783391511,23.0,1.8869076305220882,3
3.8430172213009963,-0.001200660698297908,25.55535783391511,24.0,1.8859036144578312,3
3.8430172213009963,-0.001200660698297908,25.55535783391511,25.0,1.8848995983935741,3
3.8430172213009963,-0.001200660698297908,25.55535783391511,26.0,1.883895582329317,3
3.8430172213009963,-0.001200660698297908,25.55535783391511,27.0,1.8828915662650603,3
3.8430172213009963,-0.001200660698297908,25.55535783391511,28.0,1.8818875502008032,3
3.8430172213009963,-0.001200660698297908,25.55535783391511,29.0,1.8808835341365462,3
3.8430172213009963,-0.001200660698297908,25.55535783391511,30.0,1.8798795180722891,3
3.8430172213009963,-0.001200660698297908,25.55535783391511,31.0,1.878875502008032,3
3.8430172213009963,-0.001200660698297908,25.55535783391511,32.0,1.877871485943775,3
3.8430172213009963,-0.001200660698297908,25.55535783391511,33.0,1.876867469879518,3
3.8430172213009963,-0.001200660698297908,25.55535783391511,34.0,1.875863453815261,3
3.8430172213009963,-0.001200660698297908,25.55535783391511,35.0,1.874859437751004,3
3.8430172213009963,-0.001200660698297908,25.55535783391511,36.0,1.873855421686747,3
3.8430172213009963,-0.001200660698297908,25.55535783391511,37.0,1.8728514056224899,3
3.8430172213009963,-0.001200660698297908,25.55535783391511,38.0,1.8718473895582328,3
3.8430172213009963,-0.001200660698297908,25.55535783391511,39.0,1.8708433734939758,3
3.8430172213009963,-0.001200660698297908,25.55535783391511,40.0,1.8698393574297187,3
3.8430172213009963,-0.001200660698297908,25.55535783391511,41.0,1.8688353413654617,3
3.8430172213009963,-0.001200660698297908,25.55535783391511,42.0,1.8678313253012047,3
3.8430172213009963,-0.001200660698297908,25.55535783391511,43.0,1.8668273092369476,3
3.8430172213009963,-0.001200660698297908,25.55535783391511,44.0,1.8658232931726906,3
3.8430172213009963,-0.001200660698297908,25.55535783391511,45.0,1.8648192771084338,3
3.8430172213009963,-0.001200660698297908,25.55535783391511,46.0,1.8638152610441767,3
3.8430172213009963,-0.001200660698297908,25.55535783391511,47.0,1.8628112449799197,3
3.8430172213009963,-0.001200660698297908,25.55535783391511,48.0,1.8618072289156626,3
3.8430172213009963,-0.001200660698297908,25.55535783391511,49.0,1.8608032128514056,3
3.8430172213009963,-0.001200660698297908,25.55535783391511,50.0,1.8597991967871486,3
3.8430172213009963,-0.001200660698297908,25.55535783391511,51.0,1.8587951807228915,3
3.8430172213009963,-0.001200660698297908,25.55535783391511,52.0,1.8577911646586345,3
3.8430172213009963,-0.001200660698297908,25.55535783391511,53.0,1.8567871485943774,3
3.8430172213009963,-0.001200660698297908,25.55535783391511,54.0,1.8557831325301204,3
3.8430172213009963,-0.001200660698297908,25.55535783391511,55.0,1.8547791164658634,3
3.8430172213009963,-0.001200660698297908,25.55535783391511,56.0,1.8537751004016063,3
3.8430172213009963,-0.001200660698297908,25.55535783391511,57.0,1.8527710843373493,3
3.8430172213009963,-0.001200660698297908,25.55535783391511,58.0,1.8517670682730922,3
3.8430172213009963,-0.001200660698297908,25.55535783391511,59.0,1.8507630522088352,3
3.8430172213009963,-0.001200660698297908,25.55535783391511,60.0,1.8497590361445782,3
3.8430172213009963,-0.001200660698297908,25.55535783391511,61.0,1.848755020080321,3
3.8430172213009963,-0.001200660698297908,25.55535783391511,62.0,1.8477510040160643,3
3.8430172213009963,-0.001200660698297908,25.55535783391511,63.0,1.8467469879518073,3
3.8430172213009963,-0.001200660698297908,25.55535783391511,64.0,1.8457429718875502,3
3.8430172213009963,-0.001200660698297908,25.55535783391511,65.0,1.8447389558232932,3
3.8430172213009963,-0.001200660698297908,25.55535783391511,66.0,1.8437349397590361,3
3.8430172213009963,-0.001200660698297908,25.55535783391511,67.0,1.842730923694779,3
3.8430172213009963,-0.001200660698297908,25.55535783391511,68.0,1.841726907630522,3
3.8430172213009963,-0.001200660698297908,25.55535783391511,69.0,1.840722891566265,3
3.8430172213009963,-0.001200660698297908,25.55535783391511,70.0,1.839718875502008,3
3.8430172213009963,-0.001200660698297908,25.55535783391511,71.0,1.838714859437751,3
3.8430172213009963,-0.001200660698297908,25.55535783391511,72.0,1.8377108433734939,3
3.8430172213009963,-0.001200660698297908,25.55535783391511,73.0,1.8367068273092368,3
3.8430172213009963,-0.001200660698297908,25.55535783391511,74.0,1.8357028112449798,3
3.8430172213009963,-0.001200660698297908,25.55535783391511,75.0,1.8346987951807228,3
3.8430172213009963,-0.001200660698297908,25.55535783391511,76.0,1.8336947791164657,3
3.8430172213009963,-0.001200660698297908,25.55535783391511,77.0,1.8326907630522087,3
3.8430172213009963,-0.001200660698297908,25.55535783391511,78.0,1.8316867469879516,3
3.8430172213009963,-0.001200660698297908,25.55535783391511,79.0,1.8306827309236946,3
3.8430172213009963,-0.001200660698297908,25.55535783391511,80.0,1.8296787148594376,3
3.8430172213009963,-0.001200660698297908,25.55535783391511,81.0,1.8286746987951807,3
3.8430172213009963,-0.001200660698297908,25.55535783391511,82.0,1.8276706827309237,3
3.8430172213009963,-0.001200660698297908,25.55535783391511,83.0,1.8266666666666667,3
3.8430172213009963,-0.001200660698297908,25.55535783391511,84.0,1.8256626506024096,3
3.8430172213009963,-0.001200660698297908,25.55535783391511,85.0,1.8246586345381526,3
3.8430172213009963,-0.001200660698297908,25.55535783391511,86.0,1.8236546184738955,3
3.8430172213009963,-0.001200660698297908,25.55535783391511,87.0,1.8226506024096385,3
3.8430172213009963,-0.001200660698297908,25.55535783391511,88.0,1.8216465863453815,3
3.8430172213009963,-0.001200660698297908,25.55535783391511,89.0,1.8206425702811244,3
3.8430172213009963,-0.001200660698297908,25.55535783391511,90.0,1.8196385542168674,3
3.8430172213009963,-0.001200660698297908,25.55535783391511,91.0,1.8186345381526103,3
3.8430172213009963,-0.001200660698297908,25.55535783391511,92.0,1.8176305220883533,3
3.8430172213009963,-0.001200660698297908,25.55535783391511,93.0,1.8166265060240963,3
3.8430172213009963,-0.001200660698297908,25.55535783391511,94.0,1.8156224899598392,3
3.8430172213009963,-0.001200660698297908,25.55535783391511,95.0,1.8146184738955822,3
3.8430172213009963,-0.001200660698297908,25.55535783391511,96.0,1.8136144578313251,3
3.8430172213009963,-0.001200660698297908,25.55535783391511,97.0,1.8126104417670683,3
3.8430172213009963,-0.001200660698297908,25.55535783391511,98.0,1.8116064257028113,3
3.8430172213009963,-0.001200660698297908,25.55535783391511,99.0,1.8106024096385542,3
3.8430172213009963,-0.001200660698297908,25.55535783391511,100.0,1.8095983935742972,3
3.8430172213009963,-0.001200660698297908,25.55535783391511,101.0,1.8085943775100402,3
3.8430172213009963,-0.001200660698297908,25.55535783391511,102.0,1.8075903614457831,3
3.8430172213009963,-0.001200660698297908,25.55535783391511,103.0,1.806586345381526,3
3.8430172213009963,-0.001200660698297908,25.55535783391511,104.0,1.805582329317269,3
3.8430172213009963,-0.001200660698297908,25.55535783391511,105.0,1.804578313253012,3
3.8430172213009963,-0.001200660698297908,25.55535783391511,106.0,1.803574297188755,3
3.8430172213009963,-0.001200660698297908,25.55535783391511,107.0,1.802570281124498,3
3.8430172213009963,-0.001200660698297908,25.55535783391511,108.0,1.8015662650602409,3
3.8430172213009963,-0.001200660698297908,25.55535783391511,109.0,1.8005622489959838,3
3.8430172213009963,-0.001200660698297908,25.55535783391511,110.0,1.7995582329317268,3
3.8430172213009963,-0.001200660698297908,25.55535783391511,111.0,1.7985542168674697,3
3.8430172213009963,-0.001200660698297908,25.55535783391511,112.0,1.7975502008032127,3
3.8430172213009963,-0.001200660698297908,25.55535783391511,113.0,1.7965461847389557,3
3.8430172213009963,-0.001200660698297908,25.55535783391511,114.0,1.7955421686746986,3
3.8430172213009963,-0.001200660698297908,25.55535783391511,115.0,1.7945381526104416,3
3.8430172213009963,-0.001200660698297908,25.55535783391511,116.0,1.7935341365461848,3
3.8430172213009963,-0.001200660698297908,25.55535783391511,117.0,1.7925301204819277,3
3.8430172213009963,-0.001200660698297908,25.55535783391511,118.0,1.7915261044176707,3
3.8430172213009963,-0.001200660698297908,25.55535783391511,119.0,1.7905220883534136,3
3.8430172213009963,-0.001200660698297908,25.55535783391511,120.0,1.7895180722891566,3
3.8430172213009963,-0.001200660698297908,25.55535783391511,121.0,1.7885140562248996,3
3.8430172213009963,-0.001200660698297908,25.55535783391511,122.0,1.7875100401606425,3
3.8430172213009963,-0.001200660698297908,25.55535783391511,123.0,1.7865060240963855,3
3.8430172213009963,-0.001200660698297908,25.55535783391511,124.0,1.7855020080321284,3
3.8430172213009963,-0.001200660698297908,25.55535783391511,125.0,1.7844979919678714,3
3.8430172213009963,-0.001200660698297908,25.55535783391511,126.0,1.7834939759036144,3
3.8430172213009963,-0.001200660698297908,25.55535783391511,127.0,1.7824899598393573,3
3.8430172213009963,-0.001200660698297908,25.55535783391511,128.0,1.7814859437751003,3
3.8430172213009963,-0.001200660698297908,25.55535783391511,129.0,1.7804819277108432,3
3.8430172213009963,-0.001200660698297908,25.55535783391511,130.0,1.7794779116465862,3
3.8430172213009963,-0.001200660698297908,25.55535783391511,131.0,1.7784738955823292,3
3.8430172213009963,-0.001200660698297908,25.55535783391511,132.0,1.7774698795180723,3
3.8430172213009963,-0.001200660698297908,25.55535783391511,133.0,1.7764658634538153,3
3.8430172213009963,-0.001200660698297908,25.55535783391511,134.0,1.7754618473895583,3
3.8430172213009963,-0.001200660698297908,25.55535783391511,135.0,1.7744578313253012,3
3.8430172213009963,-0.001200660698297908,25.55535783391511,136.0,1.7734538152610442,3
3.8430172213009963,-0.001200660698297908,25.55535783391511,137.0,1.7724497991967871,3
3.8430172213009963,-0.001200660698297908,25.55535783391511,138.0,1.77144578313253,3
3.8430172213009963,-0.001200660698297908,25.55535783391511,139.0,1.770441767068273,3
3.8430172213009963,-0.001200660698297908,25.55535783391511,140.0,1.769437751004016,3
3.8430172213009963,-0.001200660698297908,25.55535783391511,141.0,1.768433734939759,3
3.8430172213009963,-0.001200660698297908,25.55535783391511,142.0,1.767429718875502,3
3.8430172213009963,-0.001200660698297908,25.55535783391511,143.0,1.766425702811245,3
3.8430172213009963,-0.001200660698297908,25.55535783391511,144.0,1.7654216867469879,3
3.8430172213009963,-0.001200660698297908,25.55535783391511,145.0,1.7644176706827308,3
3.8430172213009963,-0.001200660698297908,25.55535783391511,146.0,1.7634136546184738,3
3.8430172213009963,-0.001200660698297908,25.55535783391511,147.0,1.7624096385542167,3
3.8430172213009963,-0.001200660698297908,25.55535783391511,148.0,1.7614056224899597,3
3.8430172213009963,-0.001200660698297908,25.55535783391511,149.0,1.7604016064257026,3
3.8430172213009963,-0.001200660698297908,25.55535783391511,150.0,1.7593975903614456,3
3.8430172213009963,-0.001200660698297908,25.55535783391511,151.0,1.7583935742971886,3
3.8430172213009963,-0.001200660698297908,25.55535783391511,152.0,1.7573895582329317,3
3.8430172213009963,-0.001200660698297908,25.55535783391511,153.0,1.7563855421686747,3
3.8430172213009963,-0.001200660698297908,25.55535783391511,154.0,1.7553815261044177,3
3.8430172213009963,-0.001200660698297908,25.55535783391511,155.0,1.7543775100401606,3
3.8430172213009963,-0.001200660698297908,25.55535783391511,156.0,1.7533734939759036,3
3.8430172213009963,-0.001200660698297908,25.55535783391511,157.0,1.7523694779116465,3
3.8430172213009963,-0.001200660698297908,25.55535783391511,158.0,1.7513654618473895,3
3.8430172213009963,-0.001200660698297908,25.55535783391511,159.0,1.7503614457831325,3
3.8430172213009963,-0.001200660698297908,25.55535783391511,160.0,1.7493574297188754,3
3.8430172213009963,-0.001200660698297908,25.55535783391511,161.0,1.7483534136546184,3
3.8430172213009963,-0.001200660698297908,25.55535783391511,162.0,1.7473493975903613,3
3.8430172213009963,-0.001200660698297908,25.55535783391511,163.0,1.7463453815261043,3
3.8430172213009963,-0.001200660698297908,25.55535783391511,164.0,1.7453413654618473,3
3.8430172213009963,-0.001200660698297908,25.55535783391511,165.0,1.7443373493975902,3
3.8430172213009963,-0.001200660698297908,25.55535783391511,166.0,1.7433333333333332,3
3.8430172213009963,-0.001200660698297908,25.55535783391511,167.0,1.7423293172690764,3
3.8430172213009963,-0.001200660698297908,25.55535783391511,168.0,1.7413253012048193,3
3.8430172213009963,-0.001200660698297908,25.55535783391511,169.0,1.7403212851405623,3
3.8430172213009963,-0.001200660698297908,25.55535783391511,170.0,1.7393172690763052,3
3.8430172213009963,-0.001200660698297908,25.55535783391511,171.0,1.7383132530120482,3
3.8430172213009963,-0.001200660698297908,25.55535783391511,172.0,1.7373092369477912,3
3.8430172213009963,-0.001200660698297908,25.55535783391511,173.0,1.7363052208835341,3
3.8430172213009963,-0.001200660698297908,25.55535783391511,174.0,1.735301204819277,3
3.8430172213009963,-0.001200660698297908,25.55535783391511,175.0,1.73429718875502,3
3.8430172213009963,-0.001200660698297908,25.55535783391511,176.0,1.733293172690763,3
3.8430172213009963,-0.001200660698297908,25.55535783391511,177.0,1.732289156626506,3
3.8430172213009963,-0.001200660698297908,25.55535783391511,178.0,1.731285140562249,3
3.8430172213009963,-0.001200660698297908,25.55535783391511,179.0,1.7302811244979919,3
3.8430172213009963,-0.001200660698297908,25.55535783391511,180.0,1.7292771084337348,3
3.8430172213009963,-0.001200660698297908,25.55535783391511,181.0,1.7282730923694778,3
3.8430172213009963,-0.001200660698297908,25.55535783391511,182.0,1.7272690763052208,3
3.8430172213009963,-0.001200660698297908,25.55535783391511,183.0,1.7262650602409637,3
3.8430172213009963,-0.001200660698297908,25.55535783391511,184.0,1.7252610441767067,3
3.8430172213009963,-0.001200660698297908,25.55535783391511,185.0,1.7242570281124496,3
3.8430172213009963,-0.001200660698297908,25.55535783391511,186.0,1.7232530120481926,3
3.8430172213009963,-0.001200660698297908,25.55535783391511,187.0,1.7222489959839358,3
3.8430172213009963,-0.001200660698297908,25.55535783391511,188.0,1.7212449799196787,3
3.8430172213009963,-0.001200660698297908,25.55535783391511,189.0,1.7202409638554217,3
3.8430172213009963,-0.001200660698297908,25.55535783391511,190.0,1.7192369477911646,3
3.8430172213009963,-0.001200660698297908,25.55535783391511,191.0,1.7182329317269076,3
3.8430172213009963,-0.001200660698297908,25.55535783391511,192.0,1.7172289156626506,3
3.8430172213009963,-0.001200660698297908,25.55535783391511,193.0,1.7162248995983935,3
3.8430172213009963,-0.001200660698297908,25.55535783391511,194.0,1.7152208835341365,3
3.8430172213009963,-0.001200660698297908,25.55535783391511,195.0,1.7142168674698794,3
3.8430172213009963,-0.001200660698297908,25.55535783391511,196.0,1.7132128514056224,3
3.8430172213009963,-0.001200660698297908,25.55535783391511,197.0,1.7122088353413654,3
3.8430172213009963,-0.001200660698297908,25.55535783391511,198.0,1.7112048192771083,3
3.8430172213009963,-0.001200660698297908,25.55535783391511,199.0,1.7102008032128513,3
3.8430172213009963,-0.001200660698297908,25.55535783391511,200.0,1.7091967871485942,3
3.8430172213009963,-0.001200660698297908,25.55535783391511,201.0,1.7081927710843372,3
3.8430172213009963,-0.001200660698297908,25.55535783391511,202.0,1.7071887550200804,3
3.8430172213009963,-0.001200660698297908,25.55535783391511,203.0,1.7061847389558233,3
3.8430172213009963,-0.001200660698297908,25.55535783391511,204.0,1.7051807228915663,3
3.8430172213009963,-0.001200660698297908,25.55535783391511,205.0,1.7041767068273093,3
3.8430172213009963,-0.001200660698297908,25.55535783391511,206.0,1.7031726907630522,3
3.8430172213009963,-0.001200660698297908,25.55535783391511,207.0,1.7021686746987952,3
3.8430172213009963,-0.001200660698297908,25.55535783391511,208.0,1.7011646586345381,3
3.8430172213009963,-0.001200660698297908,25.55535783391511,209.0,1.700160642570281,3
3.8430172213009963,-0.001200660698297908,25.55535783391511,210.0,1.699156626506024,3
3.8430172213009963,-0.001200660698297908,25.55535783391511,211.0,1.698152610441767,3
3.8430172213009963,-0.001200660698297908,25.55535783391511,212.0,1.69714859437751,3
3.8430172213009963,-0.001200660698297908,25.55535783391511,213.0,1.696144578313253,3
3.8430172213009963,-0.001200660698297908,25.55535783391511,214.0,1.695140562248996,3
3.8430172213009963,-0.001200660698297908,25.55535783391511,215.0,1.6941365461847389,3
3.8430172213009963,-0.001200660698297908,25.55535783391511,216.0,1.6931325301204818,3
3.8430172213009963,-0.001200660698297908,25.55535783391511,217.0,1.6921285140562248,3
3.8430172213009963,-0.001200660698297908,25.55535783391511,218.0,1.6911244979919677,3
3.8430172213009963,-0.001200660698297908,25.55535783391511,219.0,1.6901204819277107,3
3.8430172213009963,-0.001200660698297908,25.55535783391511,220.0,1.6891164658634537,3
3.8430172213009963,-0.001200660698297908,25.55535783391511,221.0,1.6881124497991966,3
3.8430172213009963,-0.001200660698297908,25.55535783391511,222.0,1.6871084337349398,3
3.8430172213009963,-0.001200660698297908,25.55535783391511,223.0,1.6861044176706828,3
3.8430172213009963,-0.001200660698297908,25.55535783391511,224.0,1.6851004016064257,3
3.8430172213009963,-0.001200660698297908,25.55535783391511,225.0,1.6840963855421687,3
3.8430172213009963,-0.001200660698297908,25.55535783391511,226.0,1.6830923694779116,3
3.8430172213009963,-0.001200660698297908,25.55535783391511,227.0,1.6820883534136546,3
3.8430172213009963,-0.001200660698297908,25.55535783391511,228.0,1.6810843373493976,3
3.8430172213009963,-0.001200660698297908,25.55535783391511,229.0,1.6800803212851405,3
3.8430172213009963,-0.001200660698297908,25.55535783391511,230.0,1.6790763052208835,3
3.8430172213009963,-0.001200660698297908,25.55535783391511,231.0,1.6780722891566264,3
3.8430172213009963,-0.001200660698297908,25.55535783391511,232.0,1.6770682730923694,3
3.8430172213009963,-0.001200660698297908,25.55535783391511,233.0,1.6760642570281123,3
3.8430172213009963,-0.001200660698297908,25.55535783391511,234.0,1.6750602409638553,3
3.8430172213009963,-0.001200660698297908,25.55535783391511,235.0,1.6740562248995983,3
3.8430172213009963,-0.001200660698297908,25.55535783391511,236.0,1.6730522088353412,3
3.8430172213009963,-0.001200660698297908,25.55535783391511,237.0,1.6720481927710842,3
3.8430172213009963,-0.001200660698297908,25.55535783391511,238.0,1.6710441767068274,3
3.8430172213009963,-0.001200660698297908,25.55535783391511,239.0,1.6700401606425703,3
3.8430172213009963,-0.001200660698297908,25.55535783391511,240.0,1.6690361445783133,3
3.8430172213009963,-0.001200660698297908,25.55535783391511,241.0,1.6680321285140562,3
3.8430172213009963,-0.001200660698297908,25.55535783391511,242.0,1.6670281124497992,3
3.8430172213009963,-0.001200660698297908,25.55535783391511,243.0,1.6660240963855422,3
3.8430172213009963,-0.001200660698297908,25.55535783391511,244.0,1.6650200803212851,3
3.8430172213009963,-0.001200660698297908,25.55535783391511,245.0,1.664016064257028,3
3.8430172213009963,-0.001200660698297908,25.55535783391511,246.0,1.663012048192771,3
3.8430172213009963,-0.001200660698297908,25.55535783391511,247.0,1.662008032128514,3
3.8430172213009963,-0.001200660698297908,25.55535783391511,248.0,1.661004016064257,3
3.8430172213009963,-0.001200660698297908,25.55535783391511,249.0,1.66,3
3.833017221300996,-0.001200660698297908,25.85535783391511,0.0,1.88,4
3.833017221300996,-0.001200660698297908,25.85535783391511,1.0,1.8789959839357429,4
3.833017221300996,-0.001200660698297908,25.85535783391511,2.0,1.8779919678714858,4
3.833017221300996,-0.001200660698297908,25.85535783391511,3.0,1.8769879518072288,4
3.833017221300996,-0.001200660698297908,25.85535783391511,4.0,1.8759839357429717,4
3.833017221300996,-0.001200660698297908,25.85535783391511,5.0,1.8749799196787147,4
3.833017221300996,-0.001200660698297908,25.85535783391511,6.0,1.8739759036144576,4
3.833017221300996,-0.001200660698297908,25.85535783391511,7.0,1.8729718875502006,4
3.833017221300996,-0.001200660698297908,25.85535783391511,8.0,1.8719678714859436,4
3.833017221300996,-0.001200660698297908,25.85535783391511,9.0,1.870963855421687,4
3.833017221300996,-0.001200660698297908,25.85535783391511,10.0,1.86995983935743,4
3.833017221300996,-0.001200660698297908,25.85535783391511,11.0,1.868955823293173,4
3.833017221300996,-0.001200660698297908,25.85535783391511,12.0,1.8679518072289159,4
3.833017221300996,-0.001200660698297908,25.85535783391511,13.0,1.8669477911646588,4
3.833017221300996,-0.001200660698297908,25.85535783391511,14.0,1.8659437751004018,4
3.833017221300996,-0.001200660698297908,25.85535783391511,15.0,1.8649397590361447,4
3.833017221300996,-0.001200660698297908,25.85535783391511,16.0,1.8639357429718877,4
3.833017221300996,-0.001200660698297908,25.85535783391511,17.0,1.8629317269076306,4
3.833017221300996,-0.001200660698297908,25.85535783391511,18.0,1.8619277108433736,4
3.833017221300996,-0.001200660698297908,25.85535783391511,19.0,1.8609236947791166,4
3.833017221300996,-0.001200660698297908,25.85535783391511,20.0,1.8599196787148595,4
3.833017221300996,-0.001200660698297908,25.85535783391511,21.0,1.8589156626506025,4
3.833017221300996,-0.001200660698297908,25.85535783391511,22.0,1.8579116465863454,4
3.833017221300996,-0.001200660698297908,25.85535783391511,23.0,1.8569076305220884,4
3.833017221300996,-0.001200660698297908,25.85535783391511,24.0,1.8559036144578314,4
3.833017221300996,-0.001200660698297908,25.85535783391511,25.0,1.8548995983935743,4
3.833017221300996,-0.001200660698297908,25.85535783391511,26.0,1.8538955823293173,4
3.833017221300996,-0.001200660698297908,25.85535783391511,27.0,1.8528915662650602,4
3.833017221300996,-0.001200660698297908,25.85535783391511,28.0,1.8518875502008032,4
3.833017221300996,-0.001200660698297908,25.85535783391511,29.0,1.8508835341365462,4
3.833017221300996,-0.001200660698297908,25.85535783391511,30.0,1.8498795180722891,4
3.833017221300996,-0.001200660698297908,25.85535783391511,31.0,1.848875502008032,4
3.833017221300996,-0.001200660698297908,25.85535783391511,32.0,1.847871485943775,4
3.833017221300996,-0.001200660698297908,25.85535783391511,33.0,1.846867469879518,4
3.833017221300996,-0.001200660698297908,25.85535783391511,34.0,1.845863453815261,4
3.833017221300996,-0.001200660698297908,25.85535783391511,35.0,1.844859437751004,4
3.833017221300996,-0.001200660698297908,25.85535783391511,36.0,1.8438554216867469,4
3.833017221300996,-0.001200660698297908,25.85535783391511,37.0,1.8428514056224898,4
3.833017221300996,-0.001200660698297908,25.85535783391511,38.0,1.8418473895582328,4
3.833017221300996,-0.001200660698297908,25.85535783391511,39.0,1.8408433734939758,4
3.833017221300996,-0.001200660698297908,25.85535783391511,40.0,1.8398393574297187,4
3.833017221300996,-0.001200660698297908,25.85535783391511,41.0,1.8388353413654617,4
3.833017221300996,-0.001200660698297908,25.85535783391511,42.0,1.8378313253012046,4
3.833017221300996,-0.001200660698297908,25.85535783391511,43.0,1.8368273092369476,4
3.833017221300996,-0.001200660698297908,25.85535783391511,44.0,1.8358232931726906,4
3.833017221300996,-0.001200660698297908,25.85535783391511,45.0,1.834819277108434,4
3.833017221300996,-0.001200660698297908,25.85535783391511,46.0,1.833815261044177,4
3.833017221300996,-0.001200660698297908,25.85535783391511,47.0,1.8328112449799199,4
3.833017221300996,-0.001200660698297908,25.85535783391511,48.0,1.8318072289156628,4
3.833017221300996,-0.001200660698297908,25.85535783391511,49.0,1.8308032128514058,4
3.833017221300996,-0.001200660698297908,25.85535783391511,50.0,1.8297991967871488,4
3.833017221300996,-0.001200660698297908,25.85535783391511,51.0,1.8287951807228917,4
3.833017221300996,-0.001200660698297908,25.85535783391511,52.0,1.8277911646586347,4
3.833017221300996,-0.001200660698297908,25.85535783391511,53.0,1.8267871485943776,4
3.833017221300996,-0.001200660698297908,25.85535783391511,54.0,1.8257831325301206,4
3.833017221300996,-0.001200660698297908,25.85535783391511,55.0,1.8247791164658635,4
3.833017221300996,-0.001200660698297908,25.85535783391511,56.0,1.8237751004016065,4
3.833017221300996,-0.001200660698297908,25.85535783391511,57.0,1.8227710843373495,4
3.833017221300996,-0.001200660698297908,25.85535783391511,58.0,1.8217670682730924,4
3.833017221300996,-0.001200660698297908,25.85535783391511,59.0,1.8207630522088354,4
3.833017221300996,-0.001200660698297908,25.85535783391511,60.0,1.8197590361445783,4
3.833017221300996,-0.001200660698297908,25.85535783391511,61.0,1.8187550200803213,4
3.833017221300996,-0.001200660698297908,25.85535783391511,62.0,1.8177510040160643,4
3.833017221300996,-0.001200660698297908,25.85535783391511,63.0,1.8167469879518072,4
3.833017221300996,-0.001200660698297908,25.85535783391511,64.0,1.8157429718875502,4
3.833017221300996,-0.001200660698297908,25.85535783391511,65.0,1.8147389558232931,4
3.833017221300996,-0.001200660698297908,25.85535783391511,66.0,1.813734939759036,4
3.833017221300996,-0.001200660698297908,25.85535783391511,67.0,1.812730923694779,4
3.833017221300996,-0.001200660698297908,25.85535783391511,68.0,1.811726907630522,4
3.833017221300996,-0.001200660698297908,25.85535783391511,69.0,1.810722891566265,4
3.833017221300996,-0.001200660698297908,25.85535783391511,70.0,1.809718875502008,4
3.833017221300996,-0.001200660698297908,25.85535783391511,71.0,1.808714859437751,4
3.833017221300996,-0.001200660698297908,25.85535783391511,72.0,1.8077108433734939,4
3.833017221300996,-0.001200660698297908,25.85535783391511,73.0,1.8067068273092368,4
3.833017221300996,-0.001200660698297908,25.85535783391511,74.0,1.8057028112449798,4
3.833017221300996,-0.001200660698297908,25.85535783391511,75.0,1.8046987951807227,4
3.833017221300996,-0.001200660698297908,25.85535783391511,76.0,1.8036947791164657,4
3.833017221300996,-0.001200660698297908,25.85535783391511,77.0,1.8026907630522087,4
3.833017221300996,-0.001200660698297908,25.85535783391511,78.0,1.8016867469879516,4
3.833017221300996,-0.001200660698297908,25.85535783391511,79.0,1.8006827309236946,4
3.833017221300996,-0.001200660698297908,25.85535783391511,80.0,1.7996787148594375,4
3.833017221300996,-0.001200660698297908,25.85535783391511,81.0,1.798674698795181,4
3.833017221300996,-0.001200660698297908,25.85535783391511,82.0,1.797670682730924,4
3.833017221300996,-0.001200660698297908,25.85535783391511,83.0,1.7966666666666669,4
3.833017221300996,-0.001200660698297908,25.85535783391511,84.0,1.7956626506024098,4
3.833017221300996,-0.001200660698297908,25.85535783391511,85.0,1.7946586345381528,4
3.833017221300996,-0.001200660698297908,25.85535783391511,86.0,1.7936546184738957,4
3.833017221300996,-0.001200660698297908,25.85535783391511,87.0,1.7926506024096387,4
3.833017221300996,-0.001200660698297908,25.85535783391511,88.0,1.7916465863453817,4
3.833017221300996,-0.001200660698297908,25.85535783391511,89.0,1.7906425702811246,4
3.833017221300996,-0.001200660698297908,25.85535783391511,90.0,1.7896385542168676,4
3.833017221300996,-0.001200660698297908,25.85535783391511,91.0,1.7886345381526105,4
3.833017221300996,-0.001200660698297908,25.85535783391511,92.0,1.7876305220883535,4
3.833017221300996,-0.001200660698297908,25.85535783391511,93.0,1.7866265060240965,4
3.833017221300996,-0.001200660698297908,25.85535783391511,94.0,1.7856224899598394,4
3.833017221300996,-0.001200660698297908,25.85535783391511,95.0,1.7846184738955824,4
3.833017221300996,-0.001200660698297908,25.85535783391511,96.0,1.7836144578313253,4
3.833017221300996,-0.001200660698297908,25.85535783391511,97.0,1.7826104417670683,4
3.833017221300996,-0.001200660698297908,25.85535783391511,98.0,1.7816064257028112,4
3.833017221300996,-0.001200660698297908,25.85535783391511,99.0,1.7806024096385542,4
3.833017221300996,-0.001200660698297908,25.85535783391511,100.0,1.7795983935742972,4
3.833017221300996,-0.001200660698297908,25.85535783391511,101.0,1.7785943775100401,4
3.833017221300996,-0.001200660698297908,25.85535783391511,102.0,1.777590361445783,4
3.833017221300996,-0.001200660698297908,25.85535783391511,103.0,1.776586345381526,4
3.833017221300996,-0.001200660698297908,25.85535783391511,104.0,1.775582329317269,4
3.833017221300996,-0.001200660698297908,25.85535783391511,105.0,1.774578313253012,4
3.833017221300996,-0.001200660698297908,25.85535783391511,106.0,1.773574297188755,4
3.833017221300996,-0.001200660698297908,25.85535783391511,107.0,1.7725702811244979,4
3.833017221300996,-0.001200660698297908,25.85535783391511,108.0,1.7715662650602408,4
3.833017221300996,-0.001200660698297908,25.85535783391511,109.0,1.7705622489959838,4
3.833017221300996,-0.001200660698297908,25.85535783391511,110.0,1.7695582329317268,4
3.833017221300996,-0.001200660698297908,25.85535783391511,111.0,1.7685542168674697,4
3.833017221300996,-0.001200660698297908,25.85535783391511,112.0,1.7675502008032127,4
3.833017221300996,-0.001200660698297908,25.85535783391511,113.0,1.7665461847389556,4
3.833017221300996,-0.001200660698297908,25.85535783391511,114.0,1.7655421686746986,4
3.833017221300996,-0.001200660698297908,25.85535783391511,115.0,1.7645381526104416,4
3.833017221300996,-0.001200660698297908,25.85535783391511,116.0,1.763534136546185,4
3.833017221300996,-0.001200660698297908,25.85535783391511,117.0,1.762530120481928,4
3.833017221300996,-0.001200660698297908,25.85535783391511,118.0,1.7615261044176709,4
3.833017221300996,-0.001200660698297908,25.85535783391511,119.0,1.7605220883534138,4
3.833017221300996,-0.001200660698297908,25.85535783391511,120.0,1.7595180722891568,4
3.833017221300996,-0.001200660698297908,25.85535783391511,121.0,1.7585140562248998,4
3.833017221300996,-0.001200660698297908,25.85535783391511,122.0,1.7575100401606427,4
3.833017221300996,-0.001200660698297908,25.85535783391511,123.0,1.7565060240963857,4
3.833017221300996,-0.001200660698297908,25.85535783391511,124.0,1.7555020080321286,4
3.833017221300996,-0.001200660698297908,25.85535783391511,125.0,1.7544979919678716,4
3.833017221300996,-0.001200660698297908,25.85535783391511,126.0,1.7534939759036146,4
3.833017221300996,-0.001200660698297908,25.85535783391511,127.0,1.7524899598393575,4
3.833017221300996,-0.001200660698297908,25.85535783391511,128.0,1.7514859437751005,4
3.833017221300996,-0.001200660698297908,25.85535783391511,129.0,1.7504819277108434,4
3.833017221300996,-0.001200660698297908,25.85535783391511,130.0,1.7494779116465864,4
3.833017221300996,-0.001200660698297908,25.85535783391511,131.0,1.7484738955823294,4
3.833017221300996,-0.001200660698297908,25.85535783391511,132.0,1.7474698795180723,4
3.833017221300996,-0.001200660698297908,25.85535783391511,133.0,1.7464658634538153,4
3.833017221300996,-0.001200660698297908,25.85535783391511,134.0,1.7454618473895582,4
3.833017221300996,-0.001200660698297908,25.85535783391511,135.0,1.7444578313253012,4
3.833017221300996,-0.001200660698297908,25.85535783391511,136.0,1.7434538152610441,4
3.833017221300996,-0.001200660698297908,25.85535783391511,137.0,1.742449799196787,4
3.833017221300996,-0.001200660698297908,25.85535783391511,138.0,1.74144578313253,4
3.833017221300996,-0.001200660698297908,25.85535783391511,139.0,1.740441767068273,4
3.833017221300996,-0.001200660698297908,25.85535783391511,140.0,1.739437751004016,4
3.833017221300996,-0.001200660698297908,25.85535783391511,141.0,1.738433734939759,4
3.833017221300996,-0.001200660698297908,25.85535783391511,142.0,1.737429718875502,4
3.833017221300996,-0.001200660698297908,25.85535783391511,143.0,1.7364257028112449,4
3.833017221300996,-0.001200660698297908,25.85535783391511,144.0,1.7354216867469878,4
3.833017221300996,-0.001200660698297908,25.85535783391511,145.0,1.7344176706827308,4
3.833017221300996,-0.001200660698297908,25.85535783391511,146.0,1.7334136546184737,4
3.833017221300996,-0.001200660698297908,25.85535783391511,147.0,1.7324096385542167,4
3.833017221300996,-0.001200660698297908,25.85535783391511,148.0,1.7314056224899597,4
3.833017221300996,-0.001200660698297908,25.85535783391511,149.0,1.7304016064257026,4
3.833017221300996,-0.001200660698297908,25.85535783391511,150.0,1.7293975903614456,4
3.833017221300996,-0.001200660698297908,25.85535783391511,151.0,1.7283935742971885,4
3.833017221300996,-0.001200660698297908,25.85535783391511,152.0,1.727389558232932,4
3.833017221300996,-0.001200660698297908,25.85535783391511,153.0,1.726385542168675,4
3.833017221300996,-0.001200660698297908,25.85535783391511,154.0,1.7253815261044179,4
3.833017221300996,-0.001200660698297908,25.85535783391511,155.0,1.7243775100401608,4
3.833017221300996,-0.001200660698297908,25.85535783391511,156.0,1.7233734939759038,4
3.833017221300996,-0.001200660698297908,25.85535783391511,157.0,1.7223694779116467,4
3.833017221300996,-0.001200660698297908,25.85535783391511,158.0,1.7213654618473897,4
3.833017221300996,-0.001200660698297908,25.85535783391511,159.0,1.7203614457831327,4
3.833017221300996,-0.001200660698297908,25.85535783391511,160.0,1.7193574297188756,4
3.833017221300996,-0.001200660698297908,25.85535783391511,161.0,1.7183534136546186,4
3.833017221300996,-0.001200660698297908,25.85535783391511,162.0,1.7173493975903615,4
3.833017221300996,-0.001200660698297908,25.85535783391511,163.0,1.7163453815261045,4
3.833017221300996,-0.001200660698297908,25.85535783391511,164.0,1.7153413654618475,4
3.833017221300996,-0.001200660698297908,25.85535783391511,165.0,1.7143373493975904,4
3.833017221300996,-0.001200660698297908,25.85535783391511,166.0,1.7133333333333334,4
3.833017221300996,-0.001200660698297908,25.85535783391511,167.0,1.7123293172690763,4
3.833017221300996,-0.001200660698297908,25.85535783391511,168.0,1.7113253012048193,4
3.833017221300996,-0.001200660698297908,25.85535783391511,169.0,1.7103212851405623,4
3.833017221300996,-0.001200660698297908,25.85535783391511,170.0,1.7093172690763052,4
3.833017221300996,-0.001200660698297908,25.85535783391511,171.0,1.7083132530120482,4
3.833017221300996,-0.001200660698297908,25.85535783391511,172.0,1.7073092369477911,4
3.833017221300996,-0.001200660698297908,25.85535783391511,173.0,1.706305220883534,4
3.833017221300996,-0.001200660698297908,25.85535783391511,174.0,1.705301204819277,4
3.833017221300996,-0.001200660698297908,25.85535783391511,175.0,1.70429718875502,4
3.833017221300996,-0.001200660698297908,25.85535783391511,176.0,1.703293172690763,4
3.833017221300996,-0.001200660698297908,25.85535783391511,177.0,1.702289156626506,4
3.833017221300996,-0.001200660698297908,25.85535783391511,178.0,1.7012851405622489,4
3.833017221300996,-0.001200660698297908,25.85535783391511,179.0,1.7002811244979918,4
3.833017221300996,-0.001200660698297908,25.85535783391511,180.0,1.6992771084337348,4
3.833017221300996,-0.001200660698297908,25.85535783391511,181.0,1.6982730923694778,4
3.833017221300996,-0.001200660698297908,25.85535783391511,182.0,1.6972690763052207,4
3.833017221300996,-0.001200660698297908,25.85535783391511,183.0,1.6962650602409637,4
3.833017221300996,-0.001200660698297908,25.85535783391511,184.0,1.6952610441767066,4
3.833017221300996,-0.001200660698297908,25.85535783391511,185.0,1.6942570281124496,4
3.833017221300996,-0.001200660698297908,25.85535783391511,186.0,1.6932530120481926,4
3.833017221300996,-0.001200660698297908,25.85535783391511,187.0,1.692248995983936,4
3.833017221300996,-0.001200660698297908,25.85535783391511,188.0,1.691244979919679,4
3.833017221300996,-0.001200660698297908,25.85535783391511,189.0,1.6902409638554219,4
3.833017221300996,-0.001200660698297908,25.85535783391511,190.0,1.6892369477911648,4
3.833017221300996,-0.001200660698297908,25.85535783391511,191.0,1.6882329317269078,4
3.833017221300996,-0.001200660698297908,25.85535783391511,192.0,1.6872289156626508,4
3.833017221300996,-0.001200660698297908,25.85535783391511,193.0,1.6862248995983937,4
3.833017221300996,-0.001200660698297908,25.85535783391511,194.0,1.6852208835341367,4
3.833017221300996,-0.001200660698297908,25.85535783391511,195.0,1.6842168674698796,4
3.833017221300996,-0.001200660698297908,25.85535783391511,196.0,1.6832128514056226,4
3.833017221300996,-0.001200660698297908,25.85535783391511,197.0,1.6822088353413656,4
3.833017221300996,-0.001200660698297908,25.85535783391511,198.0,1.6812048192771085,4
3.833017221300996,-0.001200660698297908,25.85535783391511,199.0,1.6802008032128515,4
3.833017221300996,-0.001200660698297908,25.85535783391511,200.0,1.6791967871485944,4
3.833017221300996,-0.001200660698297908,25.85535783391511,201.0,1.6781927710843374,4
3.833017221300996,-0.001200660698297908,25.85535783391511,202.0,1.6771887550200804,4
3.833017221300996,-0.001200660698297908,25.85535783391511,203.0,1.6761847389558233,4
3.833017221300996,-0.001200660698297908,25.85535783391511,204.0,1.6751807228915663,4
3.833017221300996,-0.001200660698297908,25.85535783391511,205.0,1.6741767068273092,4
3.833017221300996,-0.001200660698297908,25.85535783391511,206.0,1.6731726907630522,4
3.833017221300996,-0.001200660698297908,25.85535783391511,207.0,1.6721686746987952,4
3.833017221300996,-0.001200660698297908,25.85535783391511,208.0,1.6711646586345381,4
3.833017221300996,-0.001200660698297908,25.85535783391511,209.0,1.670160642570281,4
3.833017221300996,-0.001200660698297908,25.85535783391511,210.0,1.669156626506024,4
3.833017221300996,-0.001200660698297908,25.85535783391511,211.0,1.668152610441767,4
3.833017221300996,-0.001200660698297908,25.85535783391511,212.0,1.66714859437751,4
3.833017221300996,-0.001200660698297908,25.85535783391511,213.0,1.666144578313253,4
3.833017221300996,-0.001200660698297908,25.85535783391511,214.0,1.6651405622489959,4
3.833017221300996,-0.001200660698297908,25.85535783391511,215.0,1.6641365461847388,4
3.833017221300996,-0.001200660698297908,25.85535783391511,216.0,1.6631325301204818,4
3.833017221300996,-0.001200660698297908,25.85535783391511,217.0,1.6621285140562247,4
3.833017221300996,-0.001200660698297908,25.85535783391511,218.0,1.6611244979919677,4
3.833017221300996,-0.001200660698297908,25.85535783391511,219.0,1.6601204819277107,4
3.833017221300996,-0.001200660698297908,25.85535783391511,220.0,1.6591164658634536,4
3.833017221300996,-0.001200660698297908,25.85535783391511,221.0,1.6581124497991966,4
3.833017221300996,-0.001200660698297908,25.85535783391511,222.0,1.65710843373494,4
3.833017221300996,-0.001200660698297908,25.85535783391511,223.0,1.656104417670683,4
3.833017221300996,-0.001200660698297908,25.85535783391511,224.0,1.655100401606426,4
3.833017221300996,-0.001200660698297908,25.85535783391511,225.0,1.6540963855421689,4
3.833017221300996,-0.001200660698297908,25.85535783391511,226.0,1.6530923694779118,4
3.833017221300996,-0.001200660698297908,25.85535783391511,227.0,1.6520883534136548,4
3.833017221300996,-0.001200660698297908,25.85535783391511,228.0,1.6510843373493977,4
3.833017221300996,-0.001200660698297908,25.85535783391511,229.0,1.6500803212851407,4
3.833017221300996,-0.001200660698297908,25.85535783391511,230.0,1.6490763052208837,4
3.833017221300996,-0.001200660698297908,25.85535783391511,231.0,1.6480722891566266,4
3.833017221300996,-0.001200660698297908,25.85535783391511,232.0,1.6470682730923696,4
3.833017221300996,-0.001200660698297908,25.85535783391511,233.0,1.6460642570281125,4
3.833017221300996,-0.001200660698297908,25.85535783391511,234.0,1.6450602409638555,4
3.833017221300996,-0.001200660698297908,25.85535783391511,235.0,1.6440562248995985,4
3.833017221300996,-0.001200660698297908,25.85535783391511,236.0,1.6430522088353414,4
3.833017221300996,-0.001200660698297908,25.85535783391511,237.0,1.6420481927710844,4
3.833017221300996,-0.001200660698297908,25.85535783391511,238.0,1.6410441767068273,4
3.833017221300996,-0.001200660698297908,25.85535783391511,239.0,1.6400401606425703,4
3.833017221300996,-0.001200660698297908,25.85535783391511,240.0,1.6390361445783133,4
3.833017221300996,-0.001200660698297908,25.85535783391511,241.0,1.6380321285140562,4
3.833017221300996,-0.001200660698297908,25.85535783391511,242.0,1.6370281124497992,4
3.833017221300996,-0.001200660698297908,25.85535783391511,243.0,1.6360240963855421,4
3.833017221300996,-0.001200660698297908,25.85535783391511,244.0,1.635020080321285,4
3.833017221300996,-0.001200660698297908,25.85535783391511,245.0,1.634016064257028,4
3.833017221300996,-0.001200660698297908,25.85535783391511,246.0,1.633012048192771,4
3.833017221300996,-0.001200660698297908,25.85535783391511,247.0,1.632008032128514,4
3.833017221300996,-0.001200660698297908,25.85535783391511,248.0,1.631004016064257,4
3.833017221300996,-0.001200660698297908,25.85535783391511,249.0,1.63,4
3.8230172213009963,-0.001200660698297908,26.15535783391511,0.0,1.85,5
3.8230172213009963,-0.001200660698297908,26.15535783391511,1.0,1.848995983935743,5
3.8230172213009963,-0.001200660698297908,26.15535783391511,2.0,1.847991967871486,5
3.8230172213009963,-0.001200660698297908,26.15535783391511,3.0,1.846987951807229,5
3.8230172213009963,-0.001200660698297908,26.15535783391511,4.0,1.845983935742972,5
3.8230172213009963,-0.001200660698297908,26.15535783391511,5.0,1.8449799196787149,5
3.8230172213009963,-0.001200660698297908,26.15535783391511,6.0,1.8439759036144578,5
3.8230172213009963,-0.001200660698297908,26.15535783391511,7.0,1.8429718875502008,5
3.8230172213009963,-0.001200660698297908,26.15535783391511,8.0,1.8419678714859438,5
3.8230172213009963,-0.001200660698297908,26.15535783391511,9.0,1.840963855421687,5
3.8230172213009963,-0.001200660698297908,26.15535783391511,10.0,1.83995983935743,5
3.8230172213009963,-0.001200660698297908,26.15535783391511,11.0,1.8389558232931729,5
3.8230172213009963,-0.001200660698297908,26.15535783391511,12.0,1.8379518072289158,5
3.8230172213009963,-0.001200660698297908,26.15535783391511,13.0,1.8369477911646588,5
3.8230172213009963,-0.001200660698297908,26.15535783391511,14.0,1.8359437751004017,5
3.8230172213009963,-0.001200660698297908,26.15535783391511,15.0,1.8349397590361447,5
3.8230172213009963,-0.001200660698297908,26.15535783391511,16.0,1.8339357429718877,5
3.8230172213009963,-0.001200660698297908,26.15535783391511,17.0,1.8329317269076306,5
3.8230172213009963,-0.001200660698297908,26.15535783391511,18.0,1.8319277108433736,5
3.8230172213009963,-0.001200660698297908,26.15535783391511,19.0,1.8309236947791165,5
3.8230172213009963,-0.001200660698297908,26.15535783391511,20.0,1.8299196787148595,5
3.8230172213009963,-0.001200660698297908,26.15535783391511,21.0,1.8289156626506025,5
3.8230172213009963,-0.001200660698297908,26.15535783391511,22.0,1.8279116465863454,5
3.8230172213009963,-0.001200660698297908,26.15535783391511,23.0,1.8269076305220884,5
3.8230172213009963,-0.001200660698297908,26.15535783391511,24.0,1.8259036144578313,5
3.8230172213009963,-0.001200660698297908,26.15535783391511,25.0,1.8248995983935743,5
3.8230172213009963,-0.001200660698297908,26.15535783391511,26.0,1.8238955823293173,5
3.8230172213009963,-0.001200660698297908,26.15535783391511,27.0,1.8228915662650604,5
3.8230172213009963,-0.001200660698297908,26.15535783391511,28.0,1.8218875502008034,5
3.8230172213009963,-0.001200660698297908,26.15535783391511,29.0,1.8208835341365464,5
3.8230172213009963,-0.001200660698297908,26.15535783391511,30.0,1.8198795180722893,5
3.8230172213009963,-0.001200660698297908,26.15535783391511,31.0,1.8188755020080323,5
3.8230172213009963,-0.001200660698297908,26.15535783391511,32.0,1.8178714859437752,5
3.8230172213009963,-0.001200660698297908,26.15535783391511,33.0,1.8168674698795182,5
3.8230172213009963,-0.001200660698297908,26.15535783391511,34.0,1.8158634538152612,5
3.8230172213009963,-0.001200660698297908,26.15535783391511,35.0,1.8148594377510041,5
3.8230172213009963,-0.001200660698297908,26.15535783391511,36.0,1.813855421686747,5
3.8230172213009963,-0.001200660698297908,26.15535783391511,37.0,1.81285140562249,5
3.8230172213009963,-0.001200660698297908,26.15535783391511,38.0,1.811847389558233,5
3.8230172213009963,-0.001200660698297908,26.15535783391511,39.0,1.810843373493976,5
3.8230172213009963,-0.001200660698297908,26.15535783391511,40.0,1.809839357429719,5
3.8230172213009963,-0.001200660698297908,26.15535783391511,41.0,1.8088353413654619,5
3.8230172213009963,-0.001200660698297908,26.15535783391511,42.0,1.8078313253012048,5
3.8230172213009963,-0.001200660698297908,26.15535783391511,43.0,1.8068273092369478,5
3.8230172213009963,-0.001200660698297908,26.15535783391511,44.0,1.8058232931726907,5
3.8230172213009963,-0.001200660698297908,26.15535783391511,45.0,1.804819277108434,5
3.8230172213009963,-0.001200660698297908,26.15535783391511,46.0,1.8038152610441769,5
3.8230172213009963,-0.001200660698297908,26.15535783391511,47.0,1.8028112449799198,5
3.8230172213009963,-0.001200660698297908,26.15535783391511,48.0,1.8018072289156628,5
3.8230172213009963,-0.001200660698297908,26.15535783391511,49.0,1.8008032128514058,5
3.8230172213009963,-0.001200660698297908,26.15535783391511,50.0,1.7997991967871487,5
3.8230172213009963,-0.001200660698297908,26.15535783391511,51.0,1.7987951807228917,5
3.8230172213009963,-0.001200660698297908,26.15535783391511,52.0,1.7977911646586346,5
3.8230172213009963,-0.001200660698297908,26.15535783391511,53.0,1.7967871485943776,5
3.8230172213009963,-0.001200660698297908,26.15535783391511,54.0,1.7957831325301206,5
3.8230172213009963,-0.001200660698297908,26.15535783391511,55.0,1.7947791164658635,5
3.8230172213009963,-0.001200660698297908,26.15535783391511,56.0,1.7937751004016065,5
3.8230172213009963,-0.001200660698297908,26.15535783391511,57.0,1.7927710843373494,5
3.8230172213009963,-0.001200660698297908,26.15535783391511,58.0,1.7917670682730924,5
3.8230172213009963,-0.001200660698297908,26.15535783391511,59.0,1.7907630522088354,5
3.8230172213009963,-0.001200660698297908,26.15535783391511,60.0,1.7897590361445783,5
3.8230172213009963,-0.001200660698297908,26.15535783391511,61.0,1.7887550200803213,5
3.8230172213009963,-0.001200660698297908,26.15535783391511,62.0,1.7877510040160645,5
3.8230172213009963,-0.001200660698297908,26.15535783391511,63.0,1.7867469879518074,5
3.8230172213009963,-0.001200660698297908,26.15535783391511,64.0,1.7857429718875504,5
3.8230172213009963,-0.001200660698297908,26.15535783391511,65.0,1.7847389558232933,5
3.8230172213009963,-0.001200660698297908,26.15535783391511,66.0,1.7837349397590363,5
3.8230172213009963,-0.001200660698297908,26.15535783391511,67.0,1.7827309236947793,5
3.8230172213009963,-0.001200660698297908,26.15535783391511,68.0,1.7817269076305222,5
3.8230172213009963,-0.001200660698297908,26.15535783391511,69.0,1.7807228915662652,5
3.8230172213009963,-0.001200660698297908,26.15535783391511,70.0,1.7797188755020081,5
3.8230172213009963,-0.001200660698297908,26.15535783391511,71.0,1.778714859437751,5
3.8230172213009963,-0.001200660698297908,26.15535783391511,72.0,1.777710843373494,5
3.8230172213009963,-0.001200660698297908,26.15535783391511,73.0,1.776706827309237,5
3.8230172213009963,-0.001200660698297908,26.15535783391511,74.0,1.77570281124498,5
3.8230172213009963,-0.001200660698297908,26.15535783391511,75.0,1.774698795180723,5
3.8230172213009963,-0.001200660698297908,26.15535783391511,76.0,1.773694779116466,5
3.8230172213009963,-0.001200660698297908,26.15535783391511,77.0,1.7726907630522089,5
3.8230172213009963,-0.001200660698297908,26.15535783391511,78.0,1.7716867469879518,5
3.8230172213009963,-0.001200660698297908,26.15535783391511,79.0,1.7706827309236948,5
3.8230172213009963,-0.001200660698297908,26.15535783391511,80.0,1.7696787148594377,5
3.8230172213009963,-0.001200660698297908,26.15535783391511,81.0,1.768674698795181,5
3.8230172213009963,-0.001200660698297908,26.15535783391511,82.0,1.7676706827309239,5
3.8230172213009963,-0.001200660698297908,26.15535783391511,83.0,1.7666666666666668,5
3.8230172213009963,-0.001200660698297908,26.15535783391511,84.0,1.7656626506024098,5
3.8230172213009963,-0.001200660698297908,26.15535783391511,85.0,1.7646586345381527,5
3.8230172213009963,-0.001200660698297908,26.15535783391511,86.0,1.7636546184738957,5
3.8230172213009963,-0.001200660698297908,26.15535783391511,87.0,1.7626506024096387,5
3.8230172213009963,-0.001200660698297908,26.15535783391511,88.0,1.7616465863453816,5
3.8230172213009963,-0.001200660698297908,26.15535783391511,89.0,1.7606425702811246,5
3.8230172213009963,-0.001200660698297908,26.15535783391511,90.0,1.7596385542168675,5
3.8230172213009963,-0.001200660698297908,26.15535783391511,91.0,1.7586345381526105,5
3.8230172213009963,-0.001200660698297908,26.15535783391511,92.0,1.7576305220883535,5
3.8230172213009963,-0.001200660698297908,26.15535783391511,93.0,1.7566265060240964,5
3.8230172213009963,-0.001200660698297908,26.15535783391511,94.0,1.7556224899598394,5
3.8230172213009963,-0.001200660698297908,26.15535783391511,95.0,1.7546184738955823,5
3.8230172213009963,-0.001200660698297908,26.15535783391511,96.0,1.7536144578313253,5
3.8230172213009963,-0.001200660698297908,26.15535783391511,97.0,1.7526104417670685,5
3.8230172213009963,-0.001200660698297908,26.15535783391511,98.0,1.7516064257028114,5
3.8230172213009963,-0.001200660698297908,26.15535783391511,99.0,1.7506024096385544,5
3.8230172213009963,-0.001200660698297908,26.15535783391511,100.0,1.7495983935742974,5
3.8230172213009963,-0.001200660698297908,26.15535783391511,101.0,1.7485943775100403,5
3.8230172213009963,-0.001200660698297908,26.15535783391511,102.0,1.7475903614457833,5
3.8230172213009963,-0.001200660698297908,26.15535783391511,103.0,1.7465863453815262,5
3.8230172213009963,-0.001200660698297908,26.15535783391511,104.0,1.7455823293172692,5
3.8230172213009963,-0.001200660698297908,26.15535783391511,105.0,1.7445783132530122,5
3.8230172213009963,-0.001200660698297908,26.15535783391511,106.0,1.7435742971887551,5
3.8230172213009963,-0.001200660698297908,26.15535783391511,107.0,1.742570281124498,5
3.8230172213009963,-0.001200660698297908,26.15535783391511,108.0,1.741566265060241,5
3.8230172213009963,-0.001200660698297908,26.15535783391511,109.0,1.740562248995984,5
3.8230172213009963,-0.001200660698297908,26.15535783391511,110.0,1.739558232931727,5
3.8230172213009963,-0.001200660698297908,26.15535783391511,111.0,1.73855421686747,5
3.8230172213009963,-0.001200660698297908,26.15535783391511,112.0,1.7375502008032129,5
3.8230172213009963,-0.001200660698297908,26.15535783391511,113.0,1.7365461847389558,5
3.8230172213009963,-0.001200660698297908,26.15535783391511,114.0,1.7355421686746988,5
3.8230172213009963,-0.001200660698297908,26.15535783391511,115.0,1.7345381526104418,5
3.8230172213009963,-0.001200660698297908,26.15535783391511,116.0,1.733534136546185,5
3.8230172213009963,-0.001200660698297908,26.15535783391511,117.0,1.732530120481928,5
3.8230172213009963,-0.001200660698297908,26.15535783391511,118.0,1.7315261044176709,5
3.8230172213009963,-0.001200660698297908,26.15535783391511,119.0,1.7305220883534138,5
3.8230172213009963,-0.001200660698297908,26.15535783391511,120.0,1.7295180722891568,5
3.8230172213009963,-0.001200660698297908,26.15535783391511,121.0,1.7285140562248997,5
3.8230172213009963,-0.001200660698297908,26.15535783391511,122.0,1.7275100401606427,5
3.8230172213009963,-0.001200660698297908,26.15535783391511,123.0,1.7265060240963856,5
3.8230172213009963,-0.001200660698297908,26.15535783391511,124.0,1.7255020080321286,5
3.8230172213009963,-0.001200660698297908,26.15535783391511,125.0,1.7244979919678716,5
3.8230172213009963,-0.001200660698297908,26.15535783391511,126.0,1.7234939759036145,5
3.8230172213009963,-0.001200660698297908,26.15535783391511,127.0,1.7224899598393575,5
3.8230172213009963,-0.001200660698297908,26.15535783391511,128.0,1.7214859437751004,5
3.8230172213009963,-0.001200660698297908,26.15535783391511,129.0,1.7204819277108434,5
3.8230172213009963,-0.001200660698297908,26.15535783391511,130.0,1.7194779116465864,5
3.8230172213009963,-0.001200660698297908,26.15535783391511,131.0,1.7184738955823293,5
3.8230172213009963,-0.001200660698297908,26.15535783391511,132.0,1.7174698795180725,5
3.8230172213009963,-0.001200660698297908,26.15535783391511,133.0,1.7164658634538155,5
3.8230172213009963,-0.001200660698297908,26.15535783391511,134.0,1.7154618473895584,5
3.8230172213009963,-0.001200660698297908,26.15535783391511,135.0,1.7144578313253014,5
3.8230172213009963,-0.001200660698297908,26.15535783391511,136.0,1.7134538152610443,5
3.8230172213009963,-0.001200660698297908,26.15535783391511,137.0,1.7124497991967873,5
3.8230172213009963,-0.001200660698297908,26.15535783391511,138.0,1.7114457831325303,5
3.8230172213009963,-0.001200660698297908,26.15535783391511,139.0,1.7104417670682732,5
3.8230172213009963,-0.001200660698297908,26.15535783391511,140.0,1.7094377510040162,5
3.8230172213009963,-0.001200660698297908,26.15535783391511,141.0,1.7084337349397591,5
3.8230172213009963,-0.001200660698297908,26.15535783391511,142.0,1.707429718875502,5
3.8230172213009963,-0.001200660698297908,26.15535783391511,143.0,1.706425702811245,5
3.8230172213009963,-0.001200660698297908,26.15535783391511,144.0,1.705421686746988,5
3.8230172213009963,-0.001200660698297908,26.15535783391511,145.0,1.704417670682731,5
3.8230172213009963,-0.001200660698297908,26.15535783391511,146.0,1.703413654618474,5
3.8230172213009963,-0.001200660698297908,26.15535783391511,147.0,1.702409638554217,5
3.8230172213009963,-0.001200660698297908,26.15535783391511,148.0,1.7014056224899599,5
3.8230172213009963,-0.001200660698297908,26.15535783391511,149.0,1.7004016064257028,5
3.8230172213009963,-0.001200660698297908,26.15535783391511,150.0,1.6993975903614458,5
3.8230172213009963,-0.001200660698297908,26.15535783391511,151.0,1.6983935742971887,5
3.8230172213009963,-0.001200660698297908,26.15535783391511,152.0,1.697389558232932,5
3.8230172213009963,-0.001200660698297908,26.15535783391511,153.0,1.6963855421686749,5
3.8230172213009963,-0.001200660698297908,26.15535783391511,154.0,1.6953815261044178,5
3.8230172213009963,-0.001200660698297908,26.15535783391511,155.0,1.6943775100401608,5
3.8230172213009963,-0.001200660698297908,26.15535783391511,156.0,1.6933734939759038,5
3.8230172213009963,-0.001200660698297908,26.15535783391511,157.0,1.6923694779116467,5
3.8230172213009963,-0.001200660698297908,26.15535783391511,158.0,1.6913654618473897,5
3.8230172213009963,-0.001200660698297908,26.15535783391511,159.0,1.6903614457831326,5
3.8230172213009963,-0.001200660698297908,26.15535783391511,160.0,1.6893574297188756,5
3.8230172213009963,-0.001200660698297908,26.15535783391511,161.0,1.6883534136546186,5
3.8230172213009963,-0.001200660698297908,26.15535783391511,162.0,1.6873493975903615,5
3.8230172213009963,-0.001200660698297908,26.15535783391511,163.0,1.6863453815261045,5
3.8230172213009963,-0.001200660698297908,26.15535783391511,164.0,1.6853413654618474,5
3.8230172213009963,-0.001200660698297908,26.15535783391511,165.0,1.6843373493975904,5
3.8230172213009963,-0.001200660698297908,26.15535783391511,166.0,1.6833333333333333,5
3.8230172213009963,-0.001200660698297908,26.15535783391511,167.0,1.6823293172690765,5
3.8230172213009963,-0.001200660698297908,26.15535783391511,168.0,1.6813253012048195,5
3.8230172213009963,-0.001200660698297908,26.15535783391511,169.0,1.6803212851405624,5
3.8230172213009963,-0.001200660698297908,26.15535783391511,170.0,1.6793172690763054,5
3.8230172213009963,-0.001200660698297908,26.15535783391511,171.0,1.6783132530120484,5
3.8230172213009963,-0.001200660698297908,26.15535783391511,172.0,1.6773092369477913,5
3.8230172213009963,-0.001200660698297908,26.15535783391511,173.0,1.6763052208835343,5
3.8230172213009963,-0.001200660698297908,26.15535783391511,174.0,1.6753012048192772,5
3.8230172213009963,-0.001200660698297908,26.15535783391511,175.0,1.6742971887550202,5
3.8230172213009963,-0.001200660698297908,26.15535783391511,176.0,1.6732931726907632,5
3.8230172213009963,-0.001200660698297908,26.15535783391511,177.0,1.6722891566265061,5
3.8230172213009963,-0.001200660698297908,26.15535783391511,178.0,1.671285140562249,5
3.8230172213009963,-0.001200660698297908,26.15535783391511,179.0,1.670281124497992,5
3.8230172213009963,-0.001200660698297908,26.15535783391511,180.0,1.669277108433735,5
3.8230172213009963,-0.001200660698297908,26.15535783391511,181.0,1.668273092369478,5
3.8230172213009963,-0.001200660698297908,26.15535783391511,182.0,1.667269076305221,5
3.8230172213009963,-0.001200660698297908,26.15535783391511,183.0,1.6662650602409639,5
3.8230172213009963,-0.001200660698297908,26.15535783391511,184.0,1.6652610441767068,5
3.8230172213009963,-0.001200660698297908,26.15535783391511,185.0,1.6642570281124498,5
3.8230172213009963,-0.001200660698297908,26.15535783391511,186.0,1.6632530120481928,5
3.8230172213009963,-0.001200660698297908,26.15535783391511,187.0,1.662248995983936,5
3.8230172213009963,-0.001200660698297908,26.15535783391511,188.0,1.661244979919679,5
3.8230172213009963,-0.001200660698297908,26.15535783391511,189.0,1.6602409638554219,5
3.8230172213009963,-0.001200660698297908,26.15535783391511,190.0,1.6592369477911648,5
3.8230172213009963,-0.001200660698297908,26.15535783391511,191.0,1.6582329317269078,5
3.8230172213009963,-0.001200660698297908,26.15535783391511,192.0,1.6572289156626507,5
3.8230172213009963,-0.001200660698297908,26.15535783391511,193.0,1.6562248995983937,5
3.8230172213009963,-0.001200660698297908,26.15535783391511,194.0,1.6552208835341367,5
3.8230172213009963,-0.001200660698297908,26.15535783391511,195.0,1.6542168674698796,5
3.8230172213009963,-0.001200660698297908,26.15535783391511,196.0,1.6532128514056226,5
3.8230172213009963,-0.001200660698297908,26.15535783391511,197.0,1.6522088353413655,5
3.8230172213009963,-0.001200660698297908,26.15535783391511,198.0,1.6512048192771085,5
3.8230172213009963,-0.001200660698297908,26.15535783391511,199.0,1.6502008032128515,5
3.8230172213009963,-0.001200660698297908,26.15535783391511,200.0,1.6491967871485944,5
3.8230172213009963,-0.001200660698297908,26.15535783391511,201.0,1.6481927710843374,5
3.8230172213009963,-0.001200660698297908,26.15535783391511,202.0,1.6471887550200806,5
3.8230172213009963,-0.001200660698297908,26.15535783391511,203.0,1.6461847389558235,5
3.8230172213009963,-0.001200660698297908,26.15535783391511,204.0,1.6451807228915665,5
3.8230172213009963,-0.001200660698297908,26.15535783391511,205.0,1.6441767068273094,5
3.8230172213009963,-0.001200660698297908,26.15535783391511,206.0,1.6431726907630524,5
3.8230172213009963,-0.001200660698297908,26.15535783391511,207.0,1.6421686746987953,5
3.8230172213009963,-0.001200660698297908,26.15535783391511,208.0,1.6411646586345383,5
3.8230172213009963,-0.001200660698297908,26.15535783391511,209.0,1.6401606425702813,5
3.8230172213009963,-0.001200660698297908,26.15535783391511,210.0,1.6391566265060242,5
3.8230172213009963,-0.001200660698297908,26.15535783391511,211.0,1.6381526104417672,5
3.8230172213009963,-0.001200660698297908,26.15535783391511,212.0,1.6371485943775101,5
3.8230172213009963,-0.001200660698297908,26.15535783391511,213.0,1.636144578313253,5
3.8230172213009963,-0.001200660698297908,26.15535783391511,214.0,1.635140562248996,5
3.8230172213009963,-0.001200660698297908,26.15535783391511,215.0,1.634136546184739,5
3.8230172213009963,-0.001200660698297908,26.15535783391511,216.0,1.633132530120482,5
3.8230172213009963,-0.001200660698297908,26.15535783391511,217.0,1.632128514056225,5
3.8230172213009963,-0.001200660698297908,26.15535783391511,218.0,1.631124497991968,5
3.8230172213009963,-0.001200660698297908,26.15535783391511,219.0,1.6301204819277109,5
3.8230172213009963,-0.001200660698297908,26.15535783391511,220.0,1.6291164658634538,5
3.8230172213009963,-0.001200660698297908,26.15535783391511,221.0,1.6281124497991968,5
3.8230172213009963,-0.001200660698297908,26.15535783391511,222.0,1.62710843373494,5
3.8230172213009963,-0.001200660698297908,26.15535783391511,223.0,1.626104417670683,5
3.8230172213009963,-0.001200660698297908,26.15535783391511,224.0,1.6251004016064259,5
3.8230172213009963,-0.001200660698297908,26.15535783391511,225.0,1.6240963855421688,5
3.8230172213009963,-0.001200660698297908,26.15535783391511,226.0,1.6230923694779118,5
3.8230172213009963,-0.001200660698297908,26.15535783391511,227.0,1.6220883534136548,5
3.8230172213009963,-0.001200660698297908,26.15535783391511,228.0,1.6210843373493977,5
3.8230172213009963,-0.001200660698297908,26.15535783391511,229.0,1.6200803212851407,5
3.8230172213009963,-0.001200660698297908,26.15535783391511,230.0,1.6190763052208836,5
3.8230172213009963,-0.001200660698297908,26.15535783391511,231.0,1.6180722891566266,5
3.8230172213009963,-0.001200660698297908,26.15535783391511,232.0,1.6170682730923696,5
3.8230172213009963,-0.001200660698297908,26.15535783391511,233.0,1.6160642570281125,5
3.8230172213009963,-0.001200660698297908,26.15535783391511,234.0,1.6150602409638555,5
3.8230172213009963,-0.001200660698297908,26.15535783391511,235.0,1.6140562248995984,5
3.8230172213009963,-0.001200660698297908,26.15535783391511,236.0,1.6130522088353414,5
3.8230172213009963,-0.001200660698297908,26.15535783391511,237.0,1.6120481927710844,5
3.8230172213009963,-0.001200660698297908,26.15535783391511,238.0,1.6110441767068275,5
3.8230172213009963,-0.001200660698297908,26.15535783391511,239.0,1.6100401606425705,5
3.8230172213009963,-0.001200660698297908,26.15535783391511,240.0,1.6090361445783135,5
3.8230172213009963,-0.001200660698297908,26.15535783391511,241.0,1.6080321285140564,5
3.8230172213009963,-0.001200660698297908,26.15535783391511,242.0,1.6070281124497994,5
3.8230172213009963,-0.001200660698297908,26.15535783391511,243.0,1.6060240963855423,5
3.8230172213009963,-0.001200660698297908,26.15535783391511,244.0,1.6050200803212853,5
3.8230172213009963,-0.001200660698297908,26.15535783391511,245.0,1.6040160642570283,5
3.8230172213009963,-0.001200660698297908,26.15535783391511,246.0,1.6030120481927712,5
3.8230172213009963,-0.001200660698297908,26.15535783391511,247.0,1.6020080321285142,5
3.8230172213009963,-0.001200660698297908,26.15535783391511,248.0,1.6010040160642571,5
3.8230172213009963,-0.001200660698297908,26.15535783391511,249.0,1.6,5
